Id,Name,Gender,Age,BirthDate,Address
43cd30fd-8931-450b-85c5-b165347a3de7,최민영,여성,31,1992-10-18,인천 이구 67길 94
d1c42102-8499-4bef-a9b4-7cc63d2a0efd,최성은,여성,20,2003-05-10,대구 이구 77길 11
6e52a05f-191f-4a11-ac42-a11e0cb43d2f,장가람,남성,53,1970-03-28,대구 오구 47길 28
f86312dc-1a9f-4125-8c8b-17a01c9c7e6a,조노을,여성,17,2006-08-12,서울 일구 49길 30
de8b12a5-c36d-4fe5-a781-de3230d14b41,장규원,여성,46,1977-03-07,광주 삼구 46길 35
3ecfe12c-cdca-4300-9c95-b50a03dd6818,서세영,여성,34,1989-05-28,인천 일구 17길 12
6b4fad74-17a3-4a03-a049-1882b7ea83ca,유명진,남성,52,1971-04-20,인천 일구 54길 55
85447c0d-1178-47da-9115-6322a0bbffff,윤민영,남성,50,1973-07-11,부산 일구 50길 50
fba75090-84af-4c9d-9d44-3a002c00594a,강나오,여성,50,1973-09-16,인천 오구 28길 99
f13478c8-deec-4da9-ad6d-ac08f50fae92,신바다,여성,19,2004-02-04,인천 이구 68길 46
eddadd9f-c694-49dc-a01c-c2f17d488462,홍세윤,여성,50,1973-04-15,부산 일구 91길 76
439c3c10-6461-41e5-987e-736f9fc02374,이성주,여성,49,1974-09-05,대구 일구 69길 76
03c19099-5e91-4149-b5fb-a38bcaa6b196,조세윤,남성,60,1963-07-14,대구 일구 88길 66
687ea4f2-b110-4fda-893e-a09594c70b37,윤성지,여성,20,2003-01-14,서울 오구 11길 51
1079e79a-6297-46de-b1d3-f1406c1a0d57,서은재,여성,44,1979-10-26,서울 이구 100길 10
753e1b84-5c60-47d2-92ad-a5eeacf23f4e,홍에밀리,남성,29,1994-06-04,광주 오구 34길 42
692033c2-0e9d-4010-ba2b-05baa1bb2284,장시언,남성,18,2005-02-23,서울 이구 33길 17
87015775-da91-44a8-9b82-26d2357464af,이미르,여성,58,1965-02-25,인천 사구 61길 91
3ea6ca22-951f-46fe-a6d3-b50e411115f8,염규영,남성,20,2004-12-02,대구 삼구 31길 7
e9e2bf2c-2746-488e-9f39-df00b5d1d7e0,윤세진,여성,40,1983-09-05,대구 이구 38길 87
6e745f91-7707-4af7-87e5-91aec0fa409b,박규빈,남성,54,1969-05-18,대구 삼구 63길 71
3debb33d-0121-4757-a56d-448edfeedbf1,조로운,남성,53,1970-04-22,부산 일구 94길 65
75898f32-bacd-44a3-9d57-5ea1d9ed458d,서다원,여성,39,1985-11-03,서울 일구 61길 66
abb215a8-a016-40f7-8f2c-cb7d95249151,조세원,여성,59,1964-01-27,광주 일구 39길 89
b8a10546-b8a7-4fdc-9036-e440fe28145f,조두리,여성,49,1974-01-23,부산 오구 10길 54
5b01a8e4-58d9-4d92-8e50-3d6a3a212b9f,조상은,여성,37,1986-02-07,광주 일구 13길 39
5cd595b3-417d-40a1-bf13-1807fe765e96,유규연,여성,32,1991-10-20,광주 오구 35길 77
541dde40-0d7e-47c4-b15e-3a6efd66ee67,신경빈,남성,40,1983-03-28,부산 이구 8길 78
b741192f-fda6-4c20-8e5c-36d9bbfa22f8,최다율,여성,20,2003-10-03,대구 삼구 93길 82
fb71fd5c-c0be-44a5-9ef7-503602d82fb6,김보영,남성,63,1960-10-12,대구 일구 83길 36
6bc09eab-851e-4791-a817-6f9a760f8c3c,이누리,남성,55,1969-12-27,대구 일구 53길 31
9e70acc0-9133-4f18-935f-3653369d6c7c,유두리,남성,57,1966-02-28,서울 일구 15길 96
09c0cf62-db91-4f0d-ab91-67b4809448a8,신기은,여성,56,1968-11-19,대구 일구 43길 64
e9f03bdf-029e-4ab7-884c-9b2612d1ad26,염규진,여성,14,2009-07-02,광주 일구 78길 53
7df91075-06f7-4c7b-93b5-9998e9e41719,유성민,남성,24,1999-08-19,광주 삼구 67길 44
e3aa2b33-3f91-43c9-8813-1ff1b3dc6076,홍규인,여성,33,1990-01-15,서울 삼구 85길 43
2bd68fff-63c0-41c7-90e5-aa5d87b8a1c9,유루다,여성,51,1972-09-26,인천 일구 25길 53
cb211ace-ba81-4e6f-9a9b-79f50a13c5b5,윤세빈,남성,36,1988-11-18,광주 삼구 33길 25
b2ce4555-8c51-40f0-a502-5a0f24ebd638,최세윤,남성,15,2008-06-11,대구 삼구 68길 47
2a5070cc-c1cd-4363-ab2c-8fc0fd0adf97,조성민,남성,50,1973-07-05,광주 사구 65길 90
f7adaba8-3e65-4c4d-8c52-0fb85a3129e0,유가온,남성,47,1976-02-07,광주 사구 60길 74
6f97a17d-12e1-48db-ba85-ed710850cae2,김석희,여성,34,1989-05-22,서울 오구 49길 30
c5e86dad-1c8a-454e-9fab-f045c150c335,서명진,남성,47,1976-03-13,대구 사구 58길 32
d96dd45b-be08-4541-8e1b-4baf6f59d4d9,장다빈,남성,56,1967-06-13,대구 일구 5길 71
89fb26f7-37f6-418c-a841-3ab8a70c7832,염성경,여성,32,1991-08-04,인천 이구 44길 49
53c36dc3-e7dc-4fdb-aa1a-e52d2f06ff33,유가람,여성,27,1996-10-10,광주 삼구 58길 56
1712c70b-0ebf-4119-9ed4-346c9adb5ef8,조보영,남성,59,1964-08-17,부산 일구 89길 25
e99c897e-8f55-46d9-89ca-91c9bf314bcd,서성경,남성,53,1970-06-07,대구 이구 92길 59
782983ed-da67-451b-b278-fec9b62ec4c7,홍도연,남성,58,1965-07-06,부산 사구 68길 7
27ce8bc7-3b41-4461-a91d-31a54d9820be,염규람,남성,57,1966-03-01,인천 삼구 98길 43
718c7757-d771-475e-81b7-0b34163607d1,장서원,남성,45,1978-05-11,부산 일구 69길 76
0e333935-3fa1-46ae-af60-8b330fdb05b7,이솔민,남성,16,2007-08-03,광주 이구 85길 19
cedcdf43-f092-4e0e-b59e-5fafb132ada3,신미오,여성,41,1983-12-25,인천 사구 88길 38
9b1cdb5a-ca17-408d-9c44-85860ec12950,유경연,여성,47,1976-05-20,서울 이구 57길 12
0a501424-1d7f-4b70-87bb-4a671828329a,유다민,남성,54,1969-10-16,대구 사구 53길 50
9e06b552-8617-4e07-b149-c5b1845e8544,유미오,남성,15,2008-03-18,인천 오구 30길 81
cf54e4b0-4106-4ece-9f57-03638a4e5545,서미셸,여성,45,1978-04-13,부산 일구 63길 58
6033ecb0-5cb6-420a-9b3a-d8877d80a064,최경연,여성,19,2005-11-15,부산 삼구 12길 81
be07bc9c-27cd-40da-811a-cc31d5158e3e,이다온,여성,47,1976-07-08,서울 이구 50길 29
f3fcfb98-c8b9-4ed5-a38f-3e73bcddbb7c,서성은,남성,48,1975-03-21,인천 사구 27길 94
6c94cd07-d051-4b92-8389-3bd3f3909112,조세윤,남성,25,1998-09-23,인천 이구 74길 60
c79c6d1d-8291-40e9-8fa6-e1a6eba07e56,윤바다,남성,19,2004-07-05,부산 일구 36길 13
0b7abfd7-1567-4d29-bf59-af1b4a7f5328,최수인,여성,26,1997-01-19,광주 사구 71길 75
866e39f5-ff71-43e6-9936-f82bb15ad410,장가우,여성,13,2010-07-07,서울 사구 74길 15
5569de69-8ec7-487d-a2e8-90051601a160,유시언,남성,59,1964-07-09,대구 삼구 68길 32
3a430c1a-fd8b-4e60-aa74-9b9b10f2307e,박미루,남성,14,2009-09-20,서울 이구 99길 39
5a57654a-5286-4960-a4d8-aa15f49d50cc,박성경,남성,54,1969-03-16,광주 일구 28길 8
bdbee376-f800-4479-b734-735e0ed375a6,조강은,여성,52,1971-02-25,부산 이구 60길 8
cc9d38a1-80b2-4d30-bfa7-2b66129ae17f,윤로운,남성,43,1980-02-03,부산 사구 3길 54
1f450778-041e-4411-af7e-c39e8e217e16,서명진,남성,18,2005-03-09,광주 사구 57길 95
81759832-864b-434a-9830-1001bc6893d9,조규원,남성,34,1989-07-19,대구 이구 46길 54
cfd89613-3467-494c-b11b-90dcbedebadd,서규정,남성,54,1969-03-16,인천 이구 46길 72
e55641bb-9d23-4592-a0c6-b6fb2f32bfba,조도영,남성,35,1988-04-22,서울 오구 30길 61
ccd0b92b-30a2-4f2d-9f1e-b199432103c6,최보경,여성,50,1973-02-12,광주 삼구 41길 40
912f388a-cd77-419d-9b9f-d66c45314a16,장세원,여성,19,2005-11-13,부산 삼구 5길 30
d98bf438-b7cd-4b2c-bfbb-627dd068735f,유라온,남성,31,1993-11-21,인천 오구 60길 74
23adf5c0-cbaa-4d10-91d9-9c26818d151a,이두리,여성,41,1982-05-08,부산 일구 68길 44
decabb5c-86cc-47cc-b10a-ca88eb569cf5,조연재,여성,57,1966-10-24,대구 삼구 58길 26
3b04c76f-a75b-4adf-953d-c2beb89ae757,유연재,여성,14,2009-05-20,인천 사구 57길 44
656e29da-ea2a-4c90-9c57-dcfa7dd7ceee,최수인,남성,44,1979-06-19,광주 이구 3길 64
050c2425-ab92-452b-beca-5340f44945de,서도연,여성,24,1999-07-22,부산 일구 2길 12
f8772c01-f1f1-4726-93c1-2b53676dc01e,서세진,남성,33,1991-11-28,인천 삼구 2길 34
2a1ba79a-83f6-44ee-9187-28013cb34476,김강은,여성,19,2004-07-12,광주 사구 46길 20
43c646de-afc1-4b6e-a4f8-33abe421d65a,서로운,남성,56,1967-04-18,광주 일구 78길 49
f74d9f4a-f533-4488-9f1c-26554ed187f1,염로운,여성,38,1986-11-23,부산 일구 88길 24
b17e8f1d-2b68-40b1-97eb-56d9f4bb742b,윤기영,여성,52,1971-10-05,대구 사구 73길 28
f6ca362d-bdaa-4389-bde3-72d3d4cdd543,장미준,남성,62,1961-02-22,서울 오구 55길 42
dde379c8-0f46-4251-9af1-d8f906a708bd,최서진,여성,37,1986-04-14,인천 사구 52길 99
07ea35fd-99d2-4ba0-b907-2ec0534a38b5,윤미오,남성,38,1985-01-08,광주 일구 92길 16
722ee96a-f190-4a96-9e59-d050ea324ca3,홍시언,남성,39,1984-06-22,부산 이구 86길 9
38bb05b5-d99c-4a96-b27e-2c7baacf938e,신선우,남성,42,1982-12-01,인천 사구 55길 6
ba1cb49c-12a0-49d5-9ec8-854b8956310a,서서율,여성,33,1990-09-25,대구 이구 76길 40
50ef99f0-8eec-4426-a143-be7705865f01,조미준,여성,17,2006-03-07,부산 이구 11길 67
b544a401-a657-4a0d-bf14-bfebcf393522,최가온,남성,25,1999-12-03,부산 일구 42길 53
2c78adad-77e6-4c43-9250-970dac4f0118,최성지,남성,14,2009-04-08,광주 오구 37길 67
b431838f-f3f3-4b90-a208-9374728a2451,조선진,여성,53,1971-12-23,서울 오구 46길 22
beeddd90-ac90-4dd8-95c3-87f5b46f3307,홍도영,여성,19,2005-12-08,부산 삼구 20길 19
aa883602-072f-4822-99a9-5001e5477efe,최선우,여성,24,1999-01-19,부산 삼구 22길 3
0ebd7b7f-ffbe-4801-8d4d-7943356c8e07,조경원,남성,32,1991-07-08,대구 오구 68길 17
cb85845a-0855-4c88-8265-8718e7720979,이재경,남성,44,1979-04-11,인천 오구 87길 84
d8b76cb9-c1ad-4e38-83a5-60a71bf353b0,장민주,여성,57,1966-06-22,부산 삼구 95길 76
d2d802ea-ce64-40c4-b671-97c011af140e,조누리,남성,20,2003-02-11,대구 일구 7길 78
967a4ae5-a927-47c2-8707-a8d1963042fa,유서우,남성,56,1968-12-16,광주 삼구 2길 27
72295ad5-968b-4f9e-a82b-90a767e0d55c,강민서,여성,19,2004-01-21,광주 삼구 80길 47
45e92fc8-0d32-47a0-a111-b7496b22100d,유성경,여성,21,2002-02-26,인천 사구 44길 48
08fa321f-7f1d-4c4d-a4f8-3b06a7803710,이규연,남성,22,2001-07-22,부산 사구 44길 90
831f79fc-2869-4a0d-be1c-9c4ce8a9cdf0,박규빈,여성,47,1976-07-17,인천 삼구 50길 47
600bb14b-87aa-4a49-a570-56f149814ed4,신미준,남성,53,1970-02-27,광주 사구 46길 21
b06ede8c-e081-4faa-b7b7-6182cfecdfd3,홍민영,여성,25,1998-01-14,인천 오구 83길 80
3955af31-9524-4cfe-b2f8-fefca6312962,유강은,남성,24,1999-04-02,부산 삼구 69길 20
17a0ab08-3ac3-4552-a4a1-fea12e49df78,유수민,여성,25,1998-07-26,부산 사구 24길 80
e1c3b937-9396-4718-a341-021b037dd3fc,김서율,남성,56,1967-06-18,서울 이구 63길 91
64937401-59c9-4cb3-bf83-e27faf2fbc2d,강시경,남성,17,2007-11-26,대구 이구 88길 17
0d8556d2-eeca-4b78-b509-abca0a50d377,강재경,남성,20,2003-09-06,부산 일구 93길 21
8cb50f7c-554d-4e12-a9a4-6b6286494b8f,조서현,여성,50,1973-07-18,광주 오구 91길 60
06579892-ff0c-402e-8eaa-b7f5c5a0c405,장다민,남성,60,1963-04-24,부산 사구 53길 82
def8cd5f-5f34-43eb-b555-3178dc02f504,조서우,여성,31,1992-06-27,대구 이구 61길 54
a63ef65e-8cc2-407e-9293-4cba59bf9aa7,조시언,여성,55,1968-09-11,인천 삼구 36길 75
43601a47-a36e-4b9f-a4a0-dfe4a55823ab,이도영,여성,23,2000-04-25,서울 삼구 11길 34
ed2281e7-c770-48fd-84b8-7923ec8f9c23,서기영,여성,52,1972-11-24,인천 일구 53길 8
64b5b4e8-5a5d-46fc-b66d-2267ba6523e6,윤규원,남성,55,1968-02-14,서울 일구 62길 86
ea577da9-1bc5-4a75-83c4-6e8a7a5b1512,최노을,남성,43,1980-02-05,부산 삼구 43길 92
863b2f00-04b7-4ca4-a378-2572d729c935,조성화,남성,59,1964-05-26,서울 일구 54길 20
bd8f8594-d1d4-4fae-ae13-99dd8b9f0690,홍가우,남성,27,1996-02-13,부산 오구 49길 94
534bb508-e6fa-4364-a905-c20fae022b50,이규민,남성,17,2006-07-10,대구 일구 25길 11
7c8364d2-5292-43a5-a9ef-1d171c39bb3b,유경원,남성,40,1983-09-02,대구 사구 79길 41
ce7c5c71-caa6-4a99-ae17-381f20c7e4d4,서성희,여성,59,1964-10-18,서울 오구 76길 22
f49e197e-4bb1-4f13-a1cb-5f1d79220713,염기은,여성,16,2007-06-18,광주 오구 73길 69
651733ec-08a4-41f7-8105-efe301c4f0d6,최세영,남성,55,1968-09-26,부산 이구 46길 77
aac15196-febf-4233-9ac5-b515fab9cce4,조선진,남성,21,2002-03-04,대구 삼구 41길 57
15a4920f-5c82-4d91-9b8f-3bb71cbc32dd,조유진,여성,27,1997-11-24,서울 오구 48길 77
d6881756-5fa9-4ad1-bb90-7368df60a297,최마음,여성,53,1970-07-08,인천 이구 40길 45
b18be6e7-cc2d-4583-b615-f492966a49cc,강겨울,여성,30,1993-05-10,대구 삼구 94길 42
20df4e3a-3457-4712-a2c0-a125f996e9d0,조서율,남성,55,1968-02-17,부산 오구 67길 89
3ae62aaa-7425-4509-9e19-395b1f137a45,윤규연,여성,51,1972-04-06,부산 오구 69길 51
182bfc7e-5443-4b7e-89ff-3d67c51de586,염경빈,여성,32,1991-05-03,인천 이구 91길 44
9d510f8e-5dac-4b5d-8d76-5e74a8c39869,염다원,여성,50,1973-06-04,인천 사구 11길 78
f5ab633b-8749-437f-83c6-343096464e98,서성원,여성,63,1961-11-21,서울 삼구 80길 77
44bf96fe-3b9a-4c04-9e9b-5f17f7776c0d,홍다현,여성,28,1995-03-02,대구 사구 3길 92
a6b4c28e-70a0-434d-b88d-06ab818d1d61,윤세진,여성,23,2000-01-02,광주 일구 27길 47
12a76b74-0d40-49c9-a25d-e521f95c2ddf,홍세영,남성,26,1997-05-22,부산 오구 31길 6
887348d7-3b41-4d0e-bd0c-1edd716584bb,조나오,남성,25,1998-09-18,인천 사구 71길 96
7330a7d2-df3c-4383-9c4f-5cc1f2767a1d,서성은,남성,52,1972-12-01,부산 사구 29길 50
5c86fe30-764b-47d0-a142-06edd422ce41,조윌리엄,여성,14,2009-03-14,인천 일구 80길 80
44df0bbe-efb7-4f4f-8ee0-3d4316a1df37,홍가람,여성,28,1995-06-14,광주 삼구 90길 72
b4aebb6f-200e-423c-b74e-ca654364da84,장성주,여성,41,1982-05-12,광주 이구 3길 20
2fdb3e06-f120-4006-9f7d-46b03bd7e29b,서로운,남성,27,1997-11-28,대구 삼구 78길 63
d1b62ba8-87e0-4aa0-a304-493d1f7c8c10,강도영,여성,23,2000-10-24,대구 오구 6길 56
d66571ed-ce45-489e-8f82-ee9f78a5a394,홍두리,남성,15,2008-06-05,인천 이구 99길 9
a3e6c481-a972-4cb3-9a9f-c47c8ba8f748,조다온,남성,54,1970-11-28,인천 사구 53길 23
514a962c-4cee-47ed-90dc-131b4a7e67f2,최수민,남성,61,1962-09-24,부산 삼구 95길 20
c62f587b-4076-4ccd-bc0f-ecb56b110c6c,조라온,남성,40,1983-07-20,광주 사구 31길 59
23c4d7ac-dd9e-4ab8-a344-053fce9b8ca2,이기연,여성,57,1967-12-15,대구 이구 54길 89
834db58e-35da-4ec2-9d3e-da0c02cd93d5,박성지,남성,16,2007-03-17,부산 삼구 73길 88
f52fb7d2-88f1-4c0f-826f-fa41665f4a1f,이세영,남성,50,1973-09-06,서울 삼구 3길 65
f4a376fd-a16e-43d5-b029-52d75c7978b3,조경원,여성,61,1962-09-16,서울 일구 19길 50
09689918-d18e-436d-8d9b-a052faab97c1,장경윤,남성,48,1975-08-13,광주 삼구 38길 4
5bc6cbb7-bf40-4dd7-b7da-b32528c0716d,신윌리엄,남성,24,1999-03-01,대구 일구 10길 70
9f889adc-9f31-45a0-95ba-df348bb31162,이유진,남성,21,2002-07-05,인천 이구 77길 68
2a37840a-49a0-450e-9481-71851cd65ce9,홍다원,남성,30,1993-08-26,광주 삼구 25길 6
8cbae0cb-3e17-46f6-885d-e58b77a08ee4,박세진,여성,24,1999-03-07,서울 삼구 18길 99
c4e4db79-ecb9-4d80-8d67-dbff07aa3269,윤믿음,여성,48,1975-04-28,부산 이구 21길 11
acc53f7e-4cf8-4874-84c2-cbfc3b08a2d3,서솔민,여성,43,1981-11-15,광주 사구 90길 67
8d28d7f6-19cb-4c4b-a10b-8d8ff0ae71e0,이성희,여성,15,2008-08-05,인천 일구 46길 29
82ec888c-8166-4ec6-b2a4-9e1449896422,서가우,여성,48,1975-06-12,서울 오구 6길 33
97d6597c-2553-42ae-9f8d-3ec797cd0052,조규정,여성,17,2006-01-20,서울 이구 60길 20
d5cb545d-fb89-40f5-8a34-d2776f52886d,이기연,남성,63,1960-02-25,대구 이구 88길 29
c1fd40fa-ec68-410f-9802-c2df23ec871d,유리안,여성,20,2004-12-03,대구 일구 44길 6
3b0dc085-7358-417b-9ec5-61b0a3857c42,조주연,남성,62,1961-01-15,광주 삼구 13길 37
1dcb2bcd-2b6e-4cc1-b01b-f9b2e2c12334,조세윤,남성,26,1997-05-19,인천 일구 49길 6
bc510b01-6832-4301-b8c6-52db7082fa2f,장민영,여성,15,2008-09-02,인천 이구 63길 90
e9f9e532-cdce-445d-b209-222435f25a6a,신경윤,남성,26,1997-07-23,서울 사구 75길 92
b6db544e-2df9-4065-8042-1bbae9e90a0e,박선우,여성,26,1997-07-19,광주 사구 85길 53
0956e272-f842-4325-9d0b-d3c54e9e1172,윤도영,여성,25,1998-04-12,인천 오구 59길 20
2eb5868b-ed23-42e6-8c42-814f7c47aada,이나오,남성,32,1991-10-25,광주 오구 78길 26
95dac12a-1028-4c8e-9f8b-58a504a3b029,신연수,남성,59,1964-07-18,광주 일구 100길 21
aa2f1c30-ddbf-4059-bece-7b9d2929b02c,홍다빈,여성,28,1995-08-05,대구 이구 40길 40
0f78d1b9-14e6-4d9d-88d2-bcba1e34f638,장수인,남성,39,1984-03-20,부산 오구 29길 38
ae5dc2f8-1856-47e2-a35e-16da0b656be8,박강은,여성,35,1988-02-17,서울 이구 41길 65
3b5c24f0-90d5-4549-8ff5-80baf297087f,서경원,여성,57,1966-09-18,서울 삼구 93길 44
6e2b3bc8-a003-40ca-9b6c-083a13094974,홍미루,여성,33,1990-08-06,광주 오구 45길 84
88022f17-d05a-41ab-a55b-99ad120d7b1e,조성희,여성,30,1993-09-08,인천 오구 59길 55
5f83410d-95e3-4e46-b914-c2f12538a7fa,강가람,여성,62,1961-10-14,부산 일구 52길 24
32871daf-7f2c-47a4-9c0b-bea2f72692b6,박경주,남성,35,1988-10-01,부산 오구 1길 34
6e70e595-36bf-4eaf-bfa8-72726c21215d,조금선,여성,18,2005-07-05,서울 삼구 87길 47
caeecd0d-61f0-4a46-8612-54eefacde3e8,신세빈,여성,34,1990-12-20,서울 사구 31길 96
36b4ae8e-1cbe-4185-94de-e0edbdf5dbb9,김경빈,여성,48,1975-10-09,대구 이구 32길 54
dcadd51b-ab48-4897-ad7b-5ebbc848416c,이미루,남성,40,1984-11-15,광주 오구 1길 33
1f6eb789-05b6-4332-b4fe-270fdc88e857,서민주,남성,33,1990-04-24,인천 오구 56길 36
f59ff2bc-3a4b-4d4f-9830-3a0e96821b52,유민영,여성,58,1965-08-01,부산 삼구 92길 95
6711a6f6-0d58-4ce2-b236-65a40361ce87,강서우,남성,31,1992-04-26,서울 삼구 38길 88
d7b6568e-737b-4237-a5a3-916df3a5a037,신라온,남성,17,2006-02-10,대구 이구 65길 40
02a6b8c8-d00e-44c3-a7f8-e7cc6fe06e90,윤다현,남성,22,2001-06-16,인천 사구 10길 82
59dc8e56-661f-43e3-a8f7-914277324ca6,강시언,남성,17,2006-01-05,대구 사구 95길 30
ffacd314-d4f9-4806-8a36-774b087e87cd,장성원,여성,24,1999-02-22,인천 삼구 4길 57
02c17e61-7792-45da-b555-86d2b3ddc796,강솔민,남성,27,1996-08-23,광주 삼구 91길 14
03d65071-b939-4b16-811f-f00253f1364d,조규진,남성,29,1994-08-20,서울 오구 80길 31
0333d2e2-d3ea-4daf-ab22-0f8e0e979df1,장루다,남성,18,2006-12-21,서울 사구 12길 83
ac91b505-a15f-40e0-a3af-c333bf27c5ec,최경주,여성,45,1978-09-27,서울 삼구 80길 32
a852a712-1b40-4e0c-a9e4-17307f3a4e48,이도영,여성,61,1962-01-17,인천 이구 84길 30
1da52d73-3dbb-4490-9ebf-397d70af2fa4,서경민,여성,57,1966-10-12,광주 이구 55길 42
a180c28c-4058-4cd9-9b47-ae30eceace56,박겨레,남성,50,1973-05-11,광주 오구 29길 53
2149d440-a245-481d-bef5-54048da68ef5,염민재,남성,18,2005-03-18,서울 사구 99길 61
e1e8cbf5-baf3-4ce7-8f84-de718af67bd1,서바다,여성,42,1982-11-15,광주 일구 7길 20
d2574592-2416-413a-89dd-3580f670261b,강보현,여성,21,2002-04-10,서울 일구 94길 74
cbbc1269-37e2-4d26-9f66-bb54d1fc8ee0,김세영,여성,24,1999-01-09,광주 이구 23길 60
44375646-322f-42b7-aaf6-0e0ead1cd139,서미셸,여성,39,1985-12-21,광주 삼구 90길 14
55f66213-7cbb-4426-9a08-69b50de2975b,강규연,남성,29,1994-08-24,서울 사구 37길 93
46c7c342-e554-4f98-b471-8443b80b04da,장경빈,여성,20,2003-06-23,광주 삼구 5길 77
021ec274-2358-4d8c-aaa7-84749611b501,유경주,여성,34,1990-12-19,부산 이구 82길 9
94edd24e-65c8-4767-9ecc-095e1c5f3e1c,홍민재,남성,42,1982-11-01,대구 사구 30길 62
0d05499e-a660-4e0a-82a5-4ab16266d505,유상희,남성,42,1981-10-20,부산 이구 2길 4
57b4166a-16bf-4371-827f-5f792997bc38,유미오,남성,23,2000-07-15,부산 이구 75길 68
8be2916e-8c43-48eb-bafb-28aeba9f3602,윤다현,여성,60,1963-07-19,광주 이구 60길 33
0b1fc4cc-a11d-41d1-987f-d48249ade2c0,윤규인,여성,42,1981-04-11,서울 사구 64길 28
b76dcfca-0432-4e5c-b04f-eb5ef03db711,윤가온,여성,42,1981-01-14,광주 이구 4길 65
251be25c-eb79-4170-b013-1727b767efd3,장상은,여성,64,1960-12-17,부산 사구 71길 4
58c79a19-cf99-492a-88d8-6f168e10e9d0,최재경,여성,17,2006-06-27,인천 오구 96길 95
3f6647e0-d503-406b-bc39-eb3afa166f68,김성주,남성,24,1999-08-03,대구 이구 54길 75
64ad676d-29a2-490e-a10a-4508a541dcb1,윤미르,남성,33,1991-11-12,대구 오구 66길 15
054780e7-dd00-4512-b93a-2e1abb861ed4,이두리,남성,31,1992-05-19,광주 오구 82길 59
77008d8e-d8d9-48fa-9f11-058c6e7ecd0c,홍연재,여성,29,1995-12-15,부산 삼구 96길 24
79e54023-1e72-4d4e-9a77-9768ac0ba68a,강라온,여성,14,2010-11-24,서울 사구 34길 5
f9eab3fa-53e9-42c3-a1f8-96fd0777f21d,홍규은,여성,21,2003-12-18,인천 오구 33길 62
16b035c6-6a6a-4e76-a327-e4ea52f64ffc,김규민,남성,57,1966-05-05,서울 일구 28길 6
c1a02f65-5671-4d18-b2da-9eb4ccd39033,김리안,남성,37,1986-03-22,대구 삼구 95길 96
8f5edb47-cb0d-4c3c-8cec-7af002bc6da9,윤세진,남성,51,1972-07-25,부산 사구 15길 41
8e9e0ce1-8715-41fc-974d-30f4c952b0d5,홍윌리엄,남성,61,1962-02-23,부산 사구 13길 28
919deee0-6145-4ee3-890a-49f1b1504c7c,신가람,남성,55,1968-10-12,서울 일구 6길 59
def789b8-f221-4598-aeee-7c157636b100,이라온,남성,54,1969-02-03,광주 삼구 12길 80
fb73e675-4316-410d-b425-66fd92dd139f,조라온,남성,53,1970-09-02,부산 일구 19길 11
4b29e8c0-e525-4563-a0a2-180e2a771c33,조에밀리,남성,40,1983-05-22,부산 사구 8길 76
6a80b2e0-f81d-49f4-b043-680c0299df00,장금선,남성,35,1988-07-16,인천 오구 25길 7
44659f59-3a8b-4baf-9a33-219ac13ed464,박서우,남성,31,1992-03-17,광주 삼구 20길 59
0d5074d5-efbc-4955-8b65-eae088414d46,김세원,남성,30,1993-02-07,부산 삼구 22길 92
c17c5fae-00db-45be-ba2c-13e0d796ec47,최규진,남성,15,2008-08-28,서울 삼구 53길 20
0d2b826d-a838-4d6e-bba2-d5e44534c817,염경연,남성,15,2008-08-22,광주 사구 14길 21
c44f940a-78b2-4a96-b4df-0369a6c538e1,신성지,여성,52,1971-08-01,광주 삼구 12길 11
12d2f771-e43e-4cf0-a463-5b83b0d0cc12,이규진,남성,59,1964-07-25,대구 사구 52길 2
e05eab63-1e63-412b-a2bd-e0a3c4d58ab0,박세현,여성,30,1993-07-12,서울 사구 6길 69
6a22cb24-7604-477f-ae0f-2189ca638d6f,박다율,여성,54,1969-08-18,서울 이구 88길 11
65ee5758-4f92-413d-b291-b02c5c4b95c7,장보현,여성,51,1973-11-17,광주 일구 84길 87
a8912e2e-dfaf-4f0b-a9fd-7a4e5b86c4bb,조세빈,남성,60,1963-04-05,서울 오구 89길 84
e0f29a2e-0cc5-43e5-a816-ff09808a2bb7,조경원,남성,35,1988-09-02,부산 삼구 94길 69
7cfc7cc5-a41d-4192-83a0-462cac13f3c0,유올리비아,남성,61,1962-07-26,대구 삼구 75길 31
0dfa4536-5ceb-4e19-b713-b7ecbc10e517,이사이,여성,43,1981-11-15,대구 삼구 47길 1
6f78e28e-5f97-46ae-b5f9-eae04ff51491,조시경,남성,56,1968-12-24,인천 오구 32길 68
92fb6d91-4fef-49cf-bf26-5ecc2f670589,강상희,여성,61,1962-07-01,서울 삼구 79길 35
fb92cf2e-33d3-47be-b2c1-4b2fcf964543,유기영,여성,19,2005-11-06,광주 일구 28길 22
5c0d94ad-f964-46c4-97d2-0c8fca7fba42,염근출,남성,53,1970-07-26,대구 이구 5길 8
8b5b7827-13c9-4f9e-bdeb-c3b2e1ac2315,윤세윤,남성,57,1966-08-26,대구 사구 74길 76
e5878fc8-2a61-4bda-b91a-25d2b6b25d33,조규민,여성,51,1972-02-06,대구 삼구 5길 69
9fcb4795-7a1c-4a3e-9502-7677cab2ec56,최규인,여성,45,1978-04-01,서울 이구 60길 22
12ac21b4-0631-45de-8292-f59b6b25105c,박연수,여성,27,1996-04-14,인천 이구 7길 92
209e198b-e39a-445a-bf8f-9bda6c3a7ffd,홍가을,여성,61,1962-07-04,인천 사구 13길 37
7f200554-ea03-4ed7-8092-35b2f77b76e3,이은재,남성,42,1981-07-15,대구 오구 74길 27
7eba0ca3-98ef-4490-9c08-74d53b8b24e8,장선진,남성,13,2010-04-11,서울 삼구 36길 30
40834037-99a5-4f49-b545-652a3ddcfdba,조다원,여성,32,1991-02-05,대구 일구 95길 37
1a6a756d-75e1-4c7a-a349-5b07144b6c2e,이규은,여성,59,1964-06-27,부산 사구 16길 96
59364fab-7763-41d4-b4bb-80ba55ac0a4f,김규빈,남성,33,1990-08-14,인천 일구 85길 51
4378a16b-933f-498d-a2f7-c5320875b99d,최서현,여성,47,1976-02-27,인천 일구 15길 98
318a9b61-6e34-4ffb-8bff-6fc5cf6794f2,홍도영,남성,30,1993-04-26,인천 이구 64길 47
0069a5f8-bad9-4810-95e9-d9b223e61a09,윤강은,남성,62,1961-09-04,인천 삼구 99길 8
e53a82bb-b120-4d51-aaf9-59933edfa4f6,윤서빈,남성,35,1988-08-13,부산 이구 35길 80
f6a88c8f-c2ae-4494-ab9d-e4e7606c9450,김경원,여성,27,1996-10-27,인천 일구 88길 51
d0253988-69c8-40a3-8f7e-46d1c313c9d5,윤규진,여성,47,1976-05-15,서울 이구 10길 66
eecc52fe-5efb-4bc6-a26f-9fe3dabb7556,강성희,여성,40,1984-11-04,대구 삼구 15길 78
51375f2f-5180-4633-b611-c4856ab20e39,박도영,여성,41,1982-08-04,대구 사구 77길 95
73d89103-c39c-4304-92a3-110bbd43c0b9,이성주,여성,56,1967-04-22,서울 이구 6길 40
1f1de28b-8267-4a34-aa8c-c8db3d31abb1,이규영,여성,23,2000-08-23,서울 사구 67길 11
7d52f91f-5918-4ee2-b9f4-4a018b0edbd6,조솔민,남성,47,1976-01-08,대구 사구 55길 77
96db0829-5533-492b-a77a-7e4e6ef83e28,신서진,남성,59,1964-03-04,대구 오구 64길 39
f7d9b9cd-f97a-44f9-a61e-766fac5efbd9,조세진,남성,20,2003-06-15,서울 삼구 91길 61
3d46bf7f-e066-4c5f-a0ca-34d9f9563892,신도연,남성,51,1972-02-12,광주 삼구 65길 35
769fc39f-0c0a-4697-a240-f0f75a9bed49,장성은,여성,23,2000-04-09,광주 오구 21길 21
b07c50c9-be10-4e55-af91-e0dbd034cbad,염리안,여성,31,1992-02-03,서울 이구 24길 40
57fedeff-d746-43c8-83cf-c7b49b807c5e,조규인,여성,59,1964-01-24,대구 일구 92길 79
e914c75c-d2f9-477c-acd3-8accc0167833,윤서현,남성,35,1988-03-11,부산 삼구 36길 59
3eb4857b-1023-464b-bd7a-5e81d6ae64b2,장연재,남성,49,1974-09-08,서울 삼구 80길 74
6a681c39-dc6e-483b-ae7e-d0462fbed1ac,염경원,남성,16,2007-05-09,광주 삼구 79길 48
f3a906a3-ec13-46e1-926c-534a40442bb8,이세원,남성,37,1986-07-15,대구 이구 6길 54
3018cace-a222-4f93-9c47-eca230681e75,최연재,남성,30,1993-03-14,인천 사구 46길 60
265f858b-d2f6-4ace-8e19-64d1d86b0086,김은재,남성,13,2010-03-08,광주 사구 53길 52
d3f6353a-e552-409c-b22e-b0eedc92f2da,김성희,남성,57,1966-07-06,인천 오구 39길 66
0b4e6574-d0a3-47c0-94e1-948750fe1972,윤경연,여성,59,1964-04-14,인천 삼구 45길 86
629b3d5b-805a-4a7d-be31-fbc85666c749,염규은,남성,13,2010-07-28,대구 사구 29길 73
7ea131ef-ed87-4efd-81c7-5a57cd2eb9d1,조상희,여성,37,1987-12-04,서울 오구 95길 77
8d90e467-9ff8-4eda-ac1b-ba5344d14971,염나오,여성,51,1972-09-07,부산 삼구 36길 35
6bf6380c-bcb6-4a24-98e1-e22b4417d951,서마음,남성,36,1987-03-11,대구 일구 68길 45
d694f90a-e06e-4265-a45d-f571be52a2d7,서경민,여성,37,1987-11-28,광주 일구 31길 2
acdcbffc-90af-4897-9047-adea406ce11d,신수빈,남성,42,1981-08-25,인천 오구 62길 73
cee9eea7-7088-41ff-a9cb-fb8ce2e71294,이규람,여성,44,1979-07-23,인천 사구 46길 40
a0ba5168-54b7-4f6c-b2df-1474ef9133d2,강도연,남성,34,1989-06-01,서울 이구 35길 45
fe034875-bd65-42f1-bbae-f88807759b71,김가온,남성,61,1962-03-27,서울 일구 77길 82
4bf0904b-cbf3-4edc-9801-50e403f80768,박세윤,여성,47,1976-04-19,광주 일구 86길 90
b47f9b55-a63f-490c-89f4-e3e0192d8e32,이수민,여성,37,1987-12-11,인천 삼구 51길 97
916f0ca7-ac65-4d91-8730-e7c547c0ece0,조경빈,여성,41,1982-06-05,광주 오구 50길 68
7ae57b4f-1326-4e59-a9f0-03bd5120f1f4,김성연,여성,16,2007-04-05,서울 삼구 38길 86
2801d22e-3527-4a82-a896-f9cac38c98fd,조성경,여성,49,1974-06-04,대구 일구 35길 8
f3f9ab07-14f8-46c5-b122-ded719001ca6,이경주,여성,40,1984-11-23,부산 사구 37길 71
aa2e7963-897b-44cb-8c14-ea85278436ea,김라온,남성,62,1961-01-03,부산 사구 39길 87
76dfcaea-553d-4faf-9ed6-4b59775175b5,서서진,남성,37,1987-12-14,서울 오구 88길 76
7626c6e0-da67-4e9b-9c9d-8c326655f985,신민서,여성,62,1961-05-20,인천 삼구 42길 58
7fd11437-723b-47c9-9c6e-c57a72d47050,이노을,여성,17,2006-02-22,서울 삼구 100길 3
91b12734-0de7-49ba-9867-501133187d76,강성민,남성,44,1979-02-26,광주 이구 2길 82
ad8d7ee0-49c6-4e5a-b646-3a558a2c4871,유다원,여성,37,1986-08-27,인천 사구 26길 2
2bc2a240-93f7-4a1e-8a5d-542f1a253b78,김경원,여성,17,2006-08-02,광주 사구 22길 2
cbc937b6-2442-44fa-b188-cd1858aa3321,서서율,남성,40,1983-03-25,서울 이구 76길 19
cf85fe66-92a9-43c1-ab40-98df41d4428d,조근출,남성,43,1980-01-07,인천 사구 36길 47
c67d7621-7319-4bd4-96dc-580381c4cc8d,강미준,남성,54,1969-02-02,서울 삼구 4길 23
ae4eda60-6d33-4314-b52b-7c018dcf54cf,홍도영,여성,52,1972-12-06,서울 오구 73길 72
11adc926-2160-402d-9750-b421a3135e70,김시언,남성,14,2009-06-08,대구 사구 80길 34
be1a9ab7-1558-43e2-9d0c-ec7f08306fbc,최다원,남성,35,1988-01-03,서울 일구 49길 85
11b0c06c-a4f7-4f5b-b183-b65b589ef76d,이민재,여성,41,1983-11-02,대구 삼구 66길 37
f4ba8bf0-e786-40e2-8de9-8297ae7f040d,박성화,남성,36,1988-11-12,대구 이구 28길 42
f384ea72-6ff6-49d2-a5e7-a4fd37fb4c96,장나오,남성,40,1983-10-25,광주 사구 85길 62
45ffe1ce-e728-482b-ada3-6f0ebb5e3ba9,윤노을,남성,63,1960-02-28,서울 오구 59길 87
c256e077-c747-4a8e-a419-ffeaf8f14988,신다현,남성,28,1995-10-05,부산 삼구 31길 17
421371c1-2f51-4bcb-8957-6eebbe1685fd,홍나오,남성,26,1997-08-22,서울 일구 5길 61
9fb56f21-ea1e-480a-8092-809326c480ce,김사이,여성,24,1999-05-23,대구 오구 94길 95
68b40278-0eac-4635-8957-d6027c59ead3,박세윤,여성,16,2007-01-19,광주 이구 58길 56
0a1e6358-8379-494e-9c68-258f1049c6e2,서다민,남성,40,1983-06-13,부산 일구 6길 81
9fbf57cd-8173-435e-a949-505c6517349d,유규연,여성,37,1986-07-24,인천 오구 8길 25
8a692e78-4048-47f6-96be-d7f87fdc9016,조연재,남성,26,1998-12-28,인천 사구 93길 25
1dd8d5b2-1fb9-4b8c-9def-3865bd0b8cd5,김규람,남성,35,1988-08-18,대구 일구 33길 98
7d6a46a2-b5da-4f70-a020-8699cd58a30e,박세현,남성,13,2010-03-23,서울 오구 4길 18
fc2630bb-2a54-41a0-ab09-965c8b180774,조세원,남성,47,1976-01-18,부산 일구 41길 56
7666ab6b-7fbb-4282-a69c-fe103b1fd3a7,조은재,남성,46,1977-05-21,인천 이구 40길 52
69724d9f-087f-4b27-98cd-134090ae8053,조강은,여성,13,2010-09-08,인천 이구 18길 82
d0ed8550-c439-4f70-bacf-6a8da41cde22,홍성경,남성,48,1975-10-08,인천 사구 49길 32
bc2ea659-76a5-4266-b2e8-52257ceaf473,최성지,여성,41,1983-11-10,서울 삼구 97길 62
862e9a32-f055-4bcb-b1d4-129b19a929a5,최미오,남성,20,2004-12-18,광주 오구 68길 60
89355205-3a86-489c-a6c7-36bb172be959,박믿음,남성,20,2003-07-17,서울 사구 65길 55
5ac55268-6a5a-467c-9850-d7e68707e69c,장유진,남성,32,1991-02-27,부산 사구 61길 81
bf44a1b1-1b8e-4a46-b578-9ad0a43ffa82,조금선,여성,41,1982-10-01,인천 이구 2길 29
976342b6-efc1-4736-a1ea-3e30dff817e6,조민수,여성,38,1986-12-19,인천 오구 65길 12
1117cadc-9b71-461b-a990-bdcf14589b4b,유기연,남성,23,2000-03-04,인천 삼구 6길 58
e4a588e2-a3f7-43bf-a67a-41ba5a8fb024,강경원,여성,62,1962-12-10,부산 사구 14길 60
b268e2b0-95a6-468f-8e5c-a262a3380460,최규은,여성,29,1994-08-14,인천 오구 37길 53
15d50ce2-e53e-4793-b7a4-1ec222ff142c,최수인,남성,17,2006-10-25,서울 삼구 60길 20
d013771f-5de5-4628-81bd-c8108128fd67,윤유진,여성,59,1964-08-10,광주 일구 66길 72
1e37a278-78e6-43f9-98f7-5f36981dff39,강선우,여성,52,1971-09-05,서울 일구 7길 79
f806259f-8c44-4f85-8f9a-47d19ef58c2e,강에밀리,여성,61,1962-04-09,서울 이구 80길 92
31692cc4-e2e3-478a-b24a-5d045ae5a2c6,유재경,남성,26,1997-04-01,부산 이구 61길 93
65b17236-f26e-4df9-9037-7248021c08fd,장기영,남성,54,1969-04-03,광주 사구 83길 7
e4fe0f00-9553-4353-9928-36fdb7e7e67c,이규연,남성,54,1969-04-12,인천 삼구 26길 70
3b0988f0-1bb3-4e34-a0dc-eda20474908a,장기영,여성,55,1968-08-18,광주 일구 11길 18
4e054e95-ae51-41c1-8e13-2d3d9bf4e520,강서현,남성,28,1996-12-20,대구 삼구 11길 69
f32192bc-6848-434b-96dc-386a9f44455b,서다원,여성,49,1974-06-19,서울 사구 19길 12
91ae2733-982a-4c39-b4f3-4a8f97f4b947,강가을,여성,44,1979-03-16,인천 오구 27길 33
a28c7656-1cfa-42cc-a343-60c5765772f1,염윌리엄,남성,42,1982-11-15,광주 이구 83길 94
119968a8-f972-4d2e-888c-354a7b1b93ee,최성연,여성,21,2002-01-02,광주 사구 89길 16
d48bc5d9-a3d2-4db4-b619-e24cb483549f,이규정,여성,37,1986-03-09,대구 사구 68길 8
d0b562de-d2bd-431d-8b1d-c0d329d7057c,조기은,남성,37,1986-08-08,광주 사구 18길 63
725b6181-35d6-4283-b1ec-11a482a83e85,조규정,여성,32,1991-04-06,대구 이구 72길 98
cbfeba1e-cb80-45a4-b3dc-143fa747e80b,염서진,남성,36,1987-10-01,부산 삼구 82길 63
3596dc9d-fcf8-4877-aebf-a0dcbf451b42,이규빈,남성,17,2006-04-22,대구 삼구 8길 41
8454f3d8-ec5a-4ef9-9314-e1872270bf19,신성희,남성,62,1961-02-14,부산 이구 47길 21
f7173539-a5da-4608-a2c4-8011e6bbf29e,홍미르,남성,25,1998-07-13,광주 오구 8길 71
12add445-1c68-4f19-9842-9fc1155ee99c,이바다,남성,48,1975-01-19,광주 오구 48길 56
c7e362de-4515-406c-b405-1caec37eae39,박경윤,남성,41,1982-02-11,인천 일구 40길 45
b042a683-1ee3-4b44-9f40-36dd130f98cd,조경윤,남성,35,1988-02-04,대구 오구 79길 27
e49700bd-cc1e-4731-b55a-be96b7c5d74e,염다운,여성,30,1993-10-17,대구 사구 92길 19
af63ba32-f5c2-4c52-ba2f-11e73b3aa8b4,홍규진,남성,39,1984-09-01,대구 삼구 70길 93
2f027de1-dad7-4ced-9bac-2f2099773b7d,조기연,남성,34,1989-04-24,광주 삼구 39길 99
62148d9a-9a11-40d5-b532-f9d3b75f1999,김미준,여성,29,1994-05-02,인천 일구 7길 7
0c5537fc-f279-4bc8-bed3-0a5323f005f1,신미셸,여성,38,1985-01-12,광주 일구 88길 43
392fd5a3-5c75-47b9-a445-74c8ba7d7652,신미르,여성,22,2001-06-09,서울 사구 17길 76
e647be24-7d88-44b0-9da3-e3eb94d2b4e3,장세원,남성,37,1986-06-09,부산 삼구 85길 47
bc98b6be-f3ce-4c63-9fc2-7b857b462a2c,최서원,남성,57,1966-07-05,인천 오구 89길 43
cc03363d-68df-4e9f-b59b-ac89b32718cc,홍가온,여성,31,1992-01-02,서울 삼구 61길 85
2a239701-aebe-42a8-ae05-ab878df56d15,장규은,여성,42,1982-12-10,광주 이구 64길 13
deb95388-48e3-45be-8dad-b29020a020a3,유규정,남성,52,1972-12-22,서울 일구 47길 1
c5937ee7-fc86-4dc5-b1f7-9c37e7908e8e,유세영,여성,32,1992-12-17,인천 사구 17길 25
1eab78cc-079e-410c-82ac-ad51d6e54be7,최솔민,남성,52,1971-10-27,서울 이구 2길 96
fb813374-3a09-4d94-9463-e09100e66861,서다현,여성,45,1978-10-01,인천 사구 94길 45
e3a60492-2f4c-479f-95fe-7b6c90ac4812,서선진,남성,28,1995-02-01,대구 이구 5길 20
c123420b-4a76-40dc-b60b-6afe2ad3c0c8,강다현,남성,58,1965-05-24,인천 일구 22길 48
dcf2f4ac-c71c-4244-a9e9-d244ac67a224,윤규은,여성,17,2007-11-15,부산 이구 70길 91
b751c49f-b9e7-4087-a27c-cddd6bc5c486,박서빈,여성,62,1962-11-22,인천 이구 52길 67
3422886d-d7d9-4c6a-bcae-46b77faa9cc5,박수인,여성,31,1992-08-06,부산 삼구 28길 83
4aeb3bd0-f21c-4771-94de-dc9d3bc6ad5a,윤다빈,남성,46,1977-03-11,부산 일구 100길 27
ccda7037-a5fe-4381-8627-03fec168158f,박명진,남성,61,1962-04-25,인천 사구 72길 73
911e6720-3da8-4e54-9f1a-51320c50916e,김규은,여성,25,1999-12-02,인천 일구 63길 6
07f31895-e677-4026-b1c3-804bd93c317a,조주연,남성,60,1963-01-14,부산 사구 80길 74
0a2611a2-a604-48ef-b643-4c6439474fcd,이마음,남성,24,1999-06-18,인천 이구 6길 3
2d4e47a8-20fc-4b8e-a51f-e5c845160179,이사이,여성,17,2006-10-17,대구 삼구 32길 6
d8858077-a593-4384-bed8-569b30093163,홍규인,여성,36,1987-06-04,서울 이구 34길 87
32fad738-8da0-404b-b230-55e064952f56,강민서,남성,23,2000-05-20,대구 일구 55길 89
0d7fd383-4640-4917-80d7-6b2686fc5104,강선우,남성,31,1992-06-05,부산 오구 59길 37
8a030d38-bc3f-4f88-90fc-1cbdf8cfd315,조규원,여성,35,1989-12-27,서울 삼구 66길 54
1124108f-d16b-4f60-bc36-4332b98a7340,이다현,남성,55,1968-09-16,인천 이구 52길 2
230d0ea4-7c08-43c5-bec7-f4515de7bd3c,강세원,여성,25,1999-11-23,서울 삼구 24길 59
f8eced03-01a1-4090-9fad-15954a26b3a3,이성원,여성,63,1960-09-24,인천 오구 57길 99
147a5099-2add-445a-bd3f-7fd95edabbcc,염다원,여성,37,1986-06-17,광주 이구 26길 73
de6f4eab-344e-44d6-bf9e-573beaad1a6f,유겨레,남성,55,1968-08-12,서울 사구 39길 1
33cbbc09-ec45-473f-9999-8843c44dfd37,강경원,여성,40,1983-08-19,인천 사구 72길 87
6176da0e-9361-41b3-aa42-927c81610eb3,유마음,남성,50,1973-02-16,서울 사구 5길 72
157fa25c-2313-4aa2-b36e-2db1c6ba1ec9,홍규민,여성,28,1995-02-16,인천 일구 50길 6
4509399e-9b5f-4826-b807-2ac3491b7f5a,홍강은,여성,55,1968-05-12,인천 오구 100길 86
7f1ee66b-1cfe-4ada-89c6-73eca8374d23,조시경,여성,28,1995-10-11,광주 삼구 64길 63
73bc1245-a557-4140-9a55-6dcf3ed40099,장석희,여성,46,1978-11-16,인천 삼구 2길 32
000f8577-e4bb-4a83-a5a8-c242ea0a938a,염규은,남성,20,2003-07-22,광주 이구 86길 71
5c08cafb-3334-49ba-800e-e6a11667cd2c,윤서율,남성,55,1969-12-11,서울 삼구 41길 32
7549b917-4a38-45af-b160-2b048a5907c0,박다원,남성,48,1975-06-11,광주 이구 34길 45
6c8e117d-3ced-4335-a2a6-a10f8069ce2f,서민영,남성,61,1962-09-20,부산 삼구 62길 57
8867e393-f422-4299-abba-ef6717158231,박성경,남성,28,1995-04-12,광주 일구 20길 32
1e053700-63d3-4c81-a88e-566335a5f21b,서수빈,여성,37,1986-07-06,대구 사구 76길 79
f900db89-8ad8-451f-9cf1-2184f08ddd6f,이로운,여성,14,2009-10-10,광주 삼구 12길 57
48645042-07fc-4d46-be09-fa3662f6c065,염민주,남성,17,2006-06-17,서울 삼구 34길 61
c5faa5bc-5e61-4d3e-93be-2fed79a7aa3b,장서빈,남성,51,1972-07-24,인천 일구 86길 41
ff85f627-e612-4b38-b774-4bc216953925,강다운,여성,13,2010-01-27,부산 이구 98길 63
8d013d83-f840-4416-9baf-687455792014,서다운,남성,61,1962-08-17,인천 이구 23길 91
09ddb175-c912-49df-ac2c-a3bfeb7bf2bf,박금선,남성,15,2008-03-24,부산 이구 34길 3
18c11e47-e1fd-4e0b-abcd-9ccb1ec6e89b,홍다빈,여성,20,2003-10-08,서울 오구 70길 65
008490a4-f8ab-41bc-97e1-7cdebb90dd7e,윤리안,여성,40,1983-06-17,부산 사구 43길 90
3f2c4fd4-ce6c-4f36-b146-6e63919bfa85,조도연,여성,64,1960-12-25,인천 일구 70길 8
d2f4c590-56d7-4ea9-82bc-9dd5a11a3907,서에밀리,남성,21,2002-09-20,대구 이구 16길 20
a0b4b011-b287-404b-b64c-57937bfed2e3,이세영,여성,61,1963-12-22,대구 사구 75길 56
f6620e67-bd3a-4156-af38-573ad3b9203f,강수인,여성,53,1970-03-27,인천 삼구 43길 90
9e1f79d0-a55a-483e-8a8b-21b49ffb7e37,김미준,여성,52,1971-08-16,부산 일구 74길 1
8d56974e-6627-4144-8735-886dc878c569,박믿음,남성,40,1983-09-25,광주 오구 42길 7
0f661cb3-3ab9-459d-9f3f-a97be2a58d8b,서규진,여성,51,1972-03-22,서울 이구 8길 3
d7596dbd-abdd-4e21-a29d-e890b73a9b43,강민서,남성,39,1984-05-24,서울 일구 50길 67
7048f8ef-44ea-4e83-8393-e84f212742e3,김세진,여성,48,1975-09-02,대구 삼구 18길 91
a54e6f8e-a802-409f-b07b-c16423904364,장성화,여성,44,1980-11-24,부산 오구 20길 7
d07f8a50-9c82-43ac-8e93-6596eb1b8a37,장마음,남성,33,1991-12-02,서울 사구 17길 61
841de91b-0ff7-44d8-bbfc-d623b5f92357,강다운,남성,35,1989-11-10,광주 이구 90길 59
abc81813-523f-441a-bd3c-451b35f13887,신경연,남성,23,2000-01-12,인천 일구 28길 72
4fdaf87f-cfb4-4072-b0ea-398db79787ba,서근출,남성,19,2005-11-03,서울 사구 21길 87
bd420e06-6667-4e5c-9bbf-b24b9155cc44,강규정,남성,62,1962-11-01,대구 오구 39길 52
c3d42744-8846-408c-a282-38843c5fbc45,윤명진,여성,33,1990-07-23,인천 오구 29길 93
a3e475d4-55f6-4654-951b-e2bd295fd4dc,장규진,남성,52,1971-01-15,인천 오구 71길 42
095bc8a7-2bc2-44eb-8a74-82fd40056973,윤세진,남성,34,1989-10-17,인천 일구 18길 54
a487767b-2ee4-4fc7-a395-3c06864af5d9,조성경,남성,34,1989-10-23,서울 삼구 47길 32
de340f00-3045-46a2-a1ab-d16becc4f43b,염성연,남성,52,1972-11-02,광주 오구 85길 57
9692394d-b7c6-41d3-883a-c8749d49825f,장다빈,여성,41,1982-04-13,부산 삼구 33길 98
04240352-f66b-448d-b7d3-afe09285c7d5,신재경,남성,24,1999-07-13,서울 일구 1길 1
09dbab76-dc0c-4162-9253-a660c0bb0e3e,유올리비아,여성,14,2009-09-22,광주 삼구 94길 95
119e65d5-bf53-472d-93b3-5a8486765d6e,조규영,여성,34,1989-02-09,부산 이구 97길 43
12cf8b02-4f6c-42c2-aa6d-1f895ff8ab15,강서우,남성,57,1966-03-08,대구 오구 28길 71
f5b6c678-c3fb-4426-ad23-e9598d0f1055,염상희,여성,43,1980-01-23,서울 오구 92길 41
dfcb6769-3e48-4939-b667-29a26863e463,강서진,남성,58,1965-03-13,인천 오구 46길 34
8ba86f0e-e3f4-468a-81a3-c61f7e99407a,최로운,남성,32,1991-06-23,인천 이구 93길 28
c6648870-e5c9-496c-847d-219fd6dd0602,윤보경,남성,62,1961-05-06,대구 삼구 45길 87
8dc34768-5d6b-441b-b286-305631053bf5,김성경,남성,49,1974-01-07,부산 사구 4길 28
20f0f8ea-2032-4c0d-8bba-0ca2c1328abd,최민재,여성,37,1986-06-25,대구 이구 66길 62
59d05199-0f66-42fb-9361-f0380c87400b,강시언,남성,50,1973-07-03,광주 삼구 67길 61
fa9e7519-6b5a-47f0-97ca-061941765074,신경연,여성,45,1978-04-04,인천 오구 22길 37
12e8bbb6-a9e3-4612-a854-efb9afc14250,유규연,여성,23,2000-06-13,서울 사구 14길 44
4047baa7-3713-4e21-bc12-42ac657cce25,유금선,남성,27,1997-11-04,대구 사구 4길 93
1d34158e-b343-46e0-8cd2-4bff68bb6bc4,홍성민,남성,60,1963-05-04,대구 일구 48길 52
1c7a5adc-4a1b-4672-a226-c571b6d87ac9,김성은,여성,54,1970-11-15,서울 오구 52길 50
b401d308-2bf9-4adb-a801-4f573164c1cd,홍민영,여성,31,1992-06-19,서울 일구 55길 51
2a0854ff-579a-4998-a62f-ecf98f51371f,염세현,여성,45,1978-03-15,대구 오구 20길 6
f814f4a9-d155-4d9b-82f8-371eacc40d95,김서빈,남성,37,1986-07-18,인천 일구 24길 53
ebc267e7-eebf-4bd7-991a-77d523539ac2,염세영,남성,60,1964-11-21,서울 이구 24길 5
ca913c3d-e84b-44cd-b3e2-42660ef549b7,장규정,여성,61,1962-05-22,부산 일구 88길 74
0ccb5f6c-e26a-481b-81c8-b93d840cb942,이성화,남성,42,1982-11-18,대구 이구 15길 49
de84e4ff-a2e4-4e87-a806-5b4ecb39965c,박경주,여성,51,1972-06-05,광주 사구 3길 92
e490a151-8a46-40e0-a6e1-c064282db15a,이연재,남성,41,1982-09-07,인천 삼구 54길 54
7970d247-dd2b-486a-961e-88ce135956d6,윤주연,여성,50,1973-03-05,서울 오구 36길 38
f3c085ae-7a39-47a4-a26c-5321a3afbc79,박유진,여성,59,1965-11-18,대구 이구 23길 77
b124c9db-799b-461b-ad35-032434ed88e9,최미셸,남성,22,2001-06-23,광주 이구 18길 88
0026806f-e10b-4b13-a379-34f6dfa6824c,윤누리,남성,41,1982-01-27,광주 오구 63길 60
128db01c-e01a-414d-9bd5-b24fa39f0610,강성원,남성,32,1991-10-28,서울 사구 19길 8
67821afd-90ed-48ed-ae8c-4e4d4e6eb1e3,박수민,남성,13,2010-09-18,광주 삼구 54길 54
c9a03755-3b3e-416a-b0c0-6b60d6d5b005,이다빈,남성,13,2010-08-15,대구 삼구 2길 11
c218c522-5b1c-4b33-bf69-2ecfb4f3fe9a,서세영,남성,63,1960-04-24,부산 오구 46길 78
97f5432f-9fd4-4539-819f-7d2afc3fe823,김선우,남성,26,1997-07-12,광주 일구 23길 27
e10d9f05-f877-4781-b48d-f09fc9d2932d,서다빈,여성,25,1998-07-04,인천 일구 77길 15
d6216d73-55fa-47be-a49f-c43ec37c669e,이가람,남성,36,1987-07-17,인천 사구 94길 46
7dc0b49b-0353-4808-8137-090774264957,김선진,남성,19,2005-12-17,광주 이구 19길 22
4bcf6aee-e87e-4b1e-9800-b3bc40c8dc29,조다운,여성,16,2007-09-28,부산 이구 88길 12
b4b1d43e-992c-4edc-9aff-8a19ed97bc7f,장민수,여성,56,1968-11-16,서울 오구 19길 96
78cdc9f9-0b1c-40fd-8ae1-5cfca44a3cea,최은재,여성,14,2010-11-05,대구 사구 43길 47
8a43428b-2ffb-4c2f-9798-732802041c76,김미루,남성,31,1992-05-19,인천 사구 37길 68
a55c9fe7-6d88-45a3-835b-3ea80031155c,유두리,여성,49,1974-01-15,광주 오구 71길 14
fe559ce2-0775-469f-9991-2528f2a27165,조근출,남성,52,1971-05-01,대구 오구 49길 40
51f25324-6a34-4f20-9261-129cadd112ed,서다민,여성,64,1960-11-18,서울 오구 28길 18
607c6adf-904f-4eff-8af8-74d117e17273,김금선,남성,37,1987-12-17,대구 일구 12길 74
c97aa72d-b006-464d-b907-def67b167a67,염성지,여성,55,1968-06-11,부산 일구 35길 18
a267a353-96ea-449f-9cdc-7cbf2336900f,조루다,남성,16,2007-08-04,서울 오구 73길 61
e106a67a-c0ab-42ed-b8d4-efeffc91127f,유가을,여성,30,1993-03-08,대구 이구 54길 48
0d62c972-922d-4a0c-8250-133542b80f71,장석희,남성,15,2008-10-03,부산 사구 50길 2
3aa85aab-7f44-491f-b98b-fb5287c36a13,윤규영,여성,20,2003-06-18,인천 오구 80길 6
3b5b5722-7f5f-40db-9a58-d3daa3bcff66,장노아,남성,29,1994-05-02,인천 이구 100길 38
60522cd8-bab5-4f64-b6a6-480a5e94d7df,서세윤,남성,54,1970-12-28,부산 일구 7길 66
f5c97e25-e752-4737-b43a-abab305b6450,서규은,여성,26,1997-04-11,부산 일구 8길 46
a43cdb49-fc16-4222-9a96-26b20d67b836,강성민,여성,30,1993-09-05,서울 삼구 19길 97
f350e464-01dd-4e07-ae99-f98954420efb,최상희,여성,17,2006-08-06,부산 오구 92길 90
00ec2e07-cab5-4cd9-aac2-7844672599d6,조성경,남성,49,1974-06-14,대구 사구 7길 69
e6799c7d-58e5-4240-be8d-0e5b5b6a7417,홍노아,여성,54,1969-08-13,대구 일구 71길 43
ecc9d206-b2d8-43e4-82e0-6c3eab126117,이규원,남성,49,1974-05-11,광주 이구 19길 25
2eac589f-eac2-4637-816d-8e8d21bfe825,염리안,남성,14,2009-02-10,서울 오구 45길 97
ebbe4c5a-9bd7-490c-9bd7-91e86add1e72,윤세윤,남성,13,2010-08-28,인천 사구 51길 63
3f48dbb3-a135-4d66-ac9d-bd61851db8c5,조서현,여성,15,2008-05-01,서울 일구 79길 79
37c10cd4-859d-4c48-9ea4-7fd5116834e5,서두리,여성,47,1976-02-09,광주 오구 30길 17
dd111afc-0a03-433c-afed-4672c58716fd,최규진,여성,56,1967-05-23,대구 이구 3길 7
09047e3e-7570-4035-ad3f-bb308394a798,박노아,여성,18,2005-08-25,인천 오구 93길 3
ceb62511-7cb3-429a-92f2-3e544a4afcb8,박민영,남성,30,1993-07-17,인천 삼구 88길 38
fb75f393-f07f-40b3-bc0c-a7b81d5876a0,조유진,여성,14,2009-03-11,대구 일구 45길 10
91fb4f53-8610-41ab-b62d-1626485c3f4e,박근출,여성,43,1980-07-12,서울 삼구 72길 38
0ec7f07d-d987-4a0c-9a29-11dc89fdc4d8,박에밀리,남성,54,1969-10-01,인천 이구 39길 45
b9b2ffcd-6b0b-438a-80c1-e4d3769ee1e5,신윌리엄,남성,43,1980-07-09,서울 이구 11길 64
372fd7d2-53cc-40b1-a4b3-5400033277e4,최규빈,남성,31,1992-07-10,대구 오구 83길 28
1dc0293e-2fba-4ceb-a583-032d610eb1b0,김경빈,남성,21,2003-12-15,서울 오구 24길 23
b69e1653-7072-46ea-a1fa-2dfa0a04ed22,이세영,남성,44,1979-08-12,서울 일구 96길 64
da4280ce-5ef2-416d-90c4-e58ff42ac469,강성은,남성,44,1979-01-15,부산 이구 62길 66
fea2ce04-2d02-423e-87f9-86a25e1a35ce,장미르,남성,53,1970-06-18,인천 삼구 1길 35
3b4efd5c-088f-4fb6-93e7-00aada9ccd95,강상은,여성,21,2002-10-05,대구 오구 89길 29
834fde90-4763-410c-a71f-9bbd8ba4e791,김노을,여성,22,2001-04-01,서울 오구 53길 17
23ce8b38-3825-46a2-9222-98c3f3d351d4,윤경진,여성,26,1997-07-03,부산 사구 74길 77
d54eb5f5-6d17-43ae-9ce0-1c8bd0f6331a,윤도영,남성,19,2005-11-25,서울 이구 62길 13
970ba7e4-d707-4b61-953a-6620de8de61c,조수인,여성,14,2010-12-18,서울 사구 100길 49
2e3c35ff-5e8e-407e-a820-04cb27f97ee1,최다운,남성,26,1997-08-09,부산 이구 97길 78
9189f8f0-25cc-4cec-b9ac-37b89b86105d,조규빈,남성,18,2005-09-19,인천 삼구 20길 59
393acf20-5cee-47ce-9b39-08b64549f566,염서빈,여성,29,1994-08-26,대구 삼구 41길 8
c0e78a57-888d-46ab-92aa-cfc7d5be801a,홍두리,여성,28,1995-01-12,광주 오구 63길 98
80ae1345-df60-4ccc-b86b-a3ec39f7291d,박다원,여성,42,1981-10-05,광주 사구 16길 25
a5458d13-217c-4f90-9018-494d75e1ccd4,최미오,남성,31,1992-08-03,부산 일구 43길 47
3d92c798-5f82-4489-95ad-3dbf4297e0de,강석희,여성,52,1971-07-09,대구 일구 96길 23
325ebd61-fd22-457a-be4c-f9c4f5de64ec,조세윤,여성,34,1990-12-28,대구 오구 13길 38
9900492d-f91f-4e1a-bb54-990bb3423dad,장성지,남성,27,1996-07-13,서울 일구 2길 49
2d184783-e07a-4453-baee-4e030063d1bb,유마음,남성,47,1976-05-07,대구 오구 54길 8
516b9548-6d75-4ec8-9ab3-366a72eb824f,장규민,여성,13,2010-04-01,대구 오구 92길 63
bc957d35-110b-4ce3-a967-fc06578d59a1,홍규은,여성,27,1996-02-01,부산 오구 4길 44
311447bb-6f06-4f47-99ba-9975e98d5d6a,조세빈,남성,27,1997-11-07,대구 일구 32길 22
d90a31bd-d533-447c-9b21-e228dceee983,이민재,남성,43,1980-01-21,부산 이구 5길 13
9ea47992-ceca-4551-b2c2-fe8fb729009e,신민주,남성,52,1971-07-06,대구 삼구 83길 79
7d468787-9d3a-4811-b633-11cdc15fdf3f,강마음,남성,28,1995-03-13,서울 이구 46길 54
dd1770ee-844a-499f-937b-586a01655402,신규람,여성,47,1976-10-08,광주 사구 76길 46
51e588c6-b159-4e99-99bc-0e476efa5e93,신라온,남성,17,2007-12-21,서울 삼구 40길 49
d869dd94-9a97-49b5-9617-bc4621b22a39,윤석희,여성,44,1980-12-06,서울 오구 66길 15
2c127302-f5fd-4269-8763-acad4fee0069,염규원,남성,15,2008-06-24,대구 일구 35길 67
0bc8bdbb-5ab9-45a9-8388-c626d43e1ed3,유사이,여성,48,1975-03-13,광주 일구 65길 42
010013cc-f0cd-47ca-8f38-ee04c1dff691,최도연,남성,51,1973-11-21,인천 삼구 23길 60
70b75de7-0eae-4a20-9192-e9ae90b32fce,강선진,여성,48,1975-04-28,광주 오구 23길 58
7c9d6d4a-4699-4f11-a736-3a9bfdbc8e71,윤규민,남성,39,1984-06-19,광주 삼구 39길 7
4c26af5d-306b-4e39-97da-51cda81a3cb6,염연수,여성,52,1971-02-02,인천 삼구 8길 75
379932b9-6978-4dfc-84f7-694bd8255c67,유민재,여성,18,2005-06-13,서울 사구 54길 75
0d2dfe3f-21bb-4cd5-9b8c-7f076301cf2d,최다민,여성,34,1989-03-01,서울 삼구 4길 35
c6134481-247a-47bd-9417-0adf3ebf8bb3,강세원,남성,49,1974-10-01,대구 이구 82길 88
be97b73e-ce8f-4b58-bc7d-0dd787aff469,강재경,여성,34,1990-11-06,서울 이구 49길 51
aa5fcd49-c619-49e6-a2ac-d4556ec81cc0,조가우,남성,20,2003-10-07,서울 삼구 99길 26
699f2eca-2554-4a3a-be58-d1934e7e0adf,장보현,남성,37,1986-05-02,대구 이구 34길 78
7956ffb8-03ca-499b-8316-a7a787267c07,신경원,여성,34,1989-02-21,부산 이구 70길 79
fc4ef6ec-6ec1-4ba8-bd78-3375af2acee7,강세영,남성,57,1966-04-28,부산 이구 33길 11
2ad7bb46-e47a-4a7b-b941-d686f2bb1d20,염서진,남성,40,1983-06-08,서울 일구 59길 31
a487bcc2-34ec-424e-bcfa-1409eb192cec,조민재,여성,23,2000-04-20,부산 일구 53길 97
f6288afd-3b67-43e1-ab29-bba1c9563f3f,박서현,여성,59,1964-08-14,서울 사구 62길 10
a1ebcfe4-3fd7-4c4e-8b0d-60498f6871c1,이서율,여성,26,1997-09-18,광주 사구 2길 88
3cf21907-c136-4bce-b624-e238c2cf69d8,이도영,여성,20,2003-08-28,대구 사구 34길 11
60d312c0-01c0-477c-9b02-2073632e4f6c,박규빈,남성,38,1985-04-19,부산 오구 81길 95
a068bb3c-290c-4b23-a138-d7ead787a263,조기은,남성,58,1965-04-06,대구 일구 81길 90
8fa94479-56c7-4186-a953-ea19769c66bc,조선진,남성,47,1976-09-03,서울 사구 55길 37
f8b8e086-de93-4be7-868c-31d71e1ffd89,장상희,여성,29,1994-08-12,광주 이구 59길 52
b6d3ef6b-d8bf-45e4-8eb7-1ecaba88cafe,장성지,여성,55,1969-11-01,인천 오구 42길 20
87f14c08-5168-4507-bd29-cd4087f9ef41,장주연,남성,17,2006-03-07,광주 이구 83길 1
9e9b65c4-c615-43f5-b17c-12215b57722e,최솔민,여성,54,1969-10-25,서울 이구 78길 63
46142833-b8ef-41b9-b443-db178dbd9ab4,장미루,남성,32,1991-06-28,광주 일구 76길 62
0b40e6b1-4226-4f69-b5c1-6eb076dc55ab,강수민,여성,22,2001-10-03,대구 사구 11길 12
bf065eb4-a223-4aaf-8143-d8e04c491398,강보경,여성,57,1966-09-05,대구 사구 78길 25
090e80a2-6c5a-454b-9f6a-0b1c7777b6f3,박가람,여성,33,1990-04-12,대구 오구 57길 47
bf4474a5-a0c1-4aea-b330-6d656e779e6e,윤리안,여성,31,1992-06-15,서울 사구 22길 85
c16ee6d1-bf32-4da9-8ba3-46b5bef026ef,홍수민,여성,40,1983-10-25,인천 사구 67길 40
6c58fad5-02d3-445e-8bcd-8e962607f3e1,강보경,여성,16,2007-02-13,인천 일구 37길 81
e1e5e2b4-6d1e-46fd-9336-39ac5a4c96eb,이서빈,여성,54,1969-01-06,부산 사구 95길 13
0e3a05ee-daf1-46c9-aeb5-06e923b55376,이세빈,여성,43,1981-11-18,대구 삼구 60길 57
5df9764e-7305-44aa-a25f-ba2cf981724e,장에밀리,여성,28,1995-05-28,부산 사구 66길 55
b5c55728-b20b-4f47-8a20-dad036b09d89,유두리,남성,31,1993-12-18,부산 이구 79길 7
1f23c133-2be7-49a8-9e06-1edbaffcbbd9,최루다,남성,50,1973-07-20,부산 이구 95길 83
c31af8bd-880e-421f-aaf4-c7ec67aa9355,염금선,여성,56,1967-08-23,서울 이구 45길 74
1086a65b-aa5b-4595-9697-e24ef60bb4ce,박리안,남성,14,2009-04-26,광주 이구 14길 80
d5f47268-c575-4ece-96ca-fef571851fb5,홍다원,남성,24,1999-04-08,광주 사구 17길 35
8e0c839e-0efa-4198-b4f9-2d2897ec11ec,이미준,남성,57,1966-10-10,광주 일구 84길 79
21f175c1-80f9-48e2-921a-a6ab42e754ae,염민수,여성,21,2002-02-24,대구 일구 50길 83
9805fba0-16d0-4bb5-b785-075b8efeed61,이다율,여성,44,1979-07-10,대구 일구 21길 96
971964b8-089a-4b94-b58d-2fa2d4456631,박로운,남성,42,1981-10-10,대구 일구 15길 59
7621c156-76b4-4fd8-bec0-e26b9c4bc7cb,염상은,여성,50,1973-07-22,인천 이구 63길 77
76a157a9-f4d7-4e9f-8cd0-1589831e95f6,신미준,여성,28,1995-04-15,인천 삼구 46길 29
d70e98de-472d-469e-ba0d-42cde2ec85ec,윤겨울,여성,24,1999-04-01,대구 일구 85길 53
45743236-1fd8-490a-a702-0b5fc252d28e,신보현,여성,58,1965-07-24,서울 사구 87길 16
67bc5d3d-9ec7-403b-987a-3f98aad1f65e,장수빈,남성,40,1983-10-06,부산 이구 20길 51
f94cf679-1724-4369-959c-6c5e91727541,염겨울,남성,44,1979-01-05,광주 사구 56길 44
8873a5b4-c47a-4bc7-b201-bda76fdd42c0,장믿음,남성,52,1971-09-06,대구 삼구 87길 62
b995c4bf-19ae-4264-91c3-53e2086e81dd,유성화,남성,31,1993-11-24,대구 이구 64길 51
b4f0c70f-3db4-48b6-98b6-72db505a432e,신규정,여성,40,1983-04-27,대구 사구 91길 15
ae3d0c71-2267-4a41-ab1a-6e2722a6a96e,염성연,여성,50,1973-02-22,서울 오구 72길 2
7f23d2c2-1745-4578-ac60-935c2d1b5953,최수민,여성,37,1986-06-01,부산 사구 11길 51
3affb526-a268-436a-9348-7e3b58962da6,김선진,여성,62,1961-01-06,서울 이구 1길 42
27208930-9a6d-41ab-92fd-4c04ff40ac92,이라온,남성,36,1987-08-18,부산 오구 17길 1
f68addef-f723-461d-abfb-33b5468822d7,윤다온,남성,49,1974-06-07,인천 일구 50길 56
446abf74-d7b9-4a1f-b91f-c3db39dba94d,유서진,남성,31,1992-10-04,대구 이구 7길 58
f20ea2aa-501d-45be-8f0d-0922fcf328a1,서두리,여성,61,1962-03-14,광주 사구 48길 75
f6287e6d-8c9e-4da0-9c4e-6940614d3464,조경주,남성,40,1983-06-28,대구 오구 75길 93
b608b6e4-3996-4409-8e32-784d45608e26,김근출,남성,63,1960-05-15,서울 이구 61길 49
7edc3207-85ba-4ec7-8e92-c936ea5cdeef,강리안,남성,29,1994-05-05,부산 삼구 69길 21
3407f945-8a00-43b1-875d-5478a1c0bab7,최바다,여성,32,1991-07-15,부산 사구 13길 53
babbc128-f573-40f6-944d-49e4cb472c2b,서리안,여성,60,1963-08-25,인천 오구 48길 4
928ed517-5372-45c9-aded-3d4578afd0d6,조성원,남성,29,1994-02-15,서울 삼구 41길 55
c2808b1c-9d8b-41a5-811c-5d66f637882c,홍노아,여성,48,1975-01-03,인천 오구 43길 10
68a07bc7-6a20-40d3-bf98-a05205667dfa,이규연,남성,24,1999-07-14,부산 사구 85길 72
0e797612-a30d-4c64-a24c-f476dc89b562,최규진,여성,24,1999-07-11,서울 사구 47길 96
dac4ba32-debf-472c-883f-959c3711d6a8,강성연,여성,35,1988-02-13,부산 삼구 64길 59
ee7ad9b1-1b43-4c6f-957a-9ec1751b250a,염다온,남성,49,1974-06-09,광주 오구 18길 7
ab52d320-56bc-4af4-97ed-b3620eba8ba5,신경윤,남성,15,2009-11-15,서울 이구 9길 75
39738d5e-61c5-458b-8bdd-0365ffda57be,이성화,여성,31,1992-01-26,부산 사구 14길 45
5e37df6a-dcaa-4d29-b763-0047ce0f490f,조로운,여성,21,2002-09-28,인천 사구 96길 28
73cbff10-5eee-4c95-97f4-59f1972c14cd,최로운,여성,35,1988-09-06,광주 사구 21길 60
2de02833-f3d9-493b-adb1-d2b56b88496f,염세현,여성,35,1988-02-14,대구 이구 73길 27
8be1db6d-b691-48e9-956c-7759f8d7490d,김석희,남성,35,1988-04-07,광주 사구 51길 51
271d7486-c5be-4f3e-89c4-58cdd1dd79ae,신연수,남성,51,1972-05-25,광주 오구 11길 53
e1ab1f9c-dfbd-4cb5-8612-f243b93149d8,홍다율,남성,38,1985-09-05,광주 사구 82길 97
446993c0-8c16-4045-9a4c-f031b1f4a289,박미루,남성,30,1993-09-11,서울 일구 52길 89
1928febd-c316-485e-bf60-4ab74d62fa23,박경진,여성,48,1975-02-22,인천 이구 43길 36
e6fc7bf4-82d5-4c2c-9835-e9ffd8595a10,김믿음,여성,18,2005-06-28,서울 삼구 12길 33
698510c6-8d72-4171-ac6c-8252fb3c95c6,신에밀리,남성,46,1977-02-22,부산 오구 47길 24
378765ac-1126-4866-945f-194cbfcc1c01,최성연,남성,32,1991-10-16,서울 이구 68길 22
29f70835-ee1f-4aa3-a25e-ba3d18889f0e,염다율,여성,42,1981-08-13,광주 이구 7길 40
415edc20-2eab-4210-999b-4d88a33ddf11,서민서,여성,51,1973-11-19,서울 일구 26길 48
9ba804e8-9ec7-47e2-8eac-bd1cb567632c,유겨레,남성,63,1960-09-14,광주 사구 45길 31
d930ac78-5eea-44a8-a4e8-0bfa2fcc4947,조금선,남성,30,1994-11-19,광주 오구 61길 64
d6a98b61-c47c-4ec8-9176-71c749448727,홍경민,여성,54,1969-05-14,대구 사구 73길 49
336f38ae-c24b-4d67-9d7f-ad9d5da8b16d,장보경,남성,45,1979-12-25,인천 오구 23길 20
16b0627f-7935-4d16-a4b3-1f3689246ce7,조은재,여성,36,1987-10-05,인천 사구 19길 15
90e291e9-6f1f-430f-bb0f-469e0eba6d31,장규원,여성,53,1970-09-12,광주 사구 21길 91
c0895db2-30eb-4fa3-a6d5-955f9da65eeb,박바다,남성,61,1963-11-13,대구 오구 64길 16
96d4742c-2bdb-49ac-8f22-1deb6ef40d16,강루다,남성,29,1994-07-23,광주 사구 10길 59
5f6f11b5-2c77-4c84-9efb-ed2912e3b22a,염도영,여성,48,1976-12-09,대구 일구 57길 61
264c58f5-1a5d-4d03-ba32-538a3dfe2366,김경진,남성,32,1991-01-07,대구 일구 43길 33
8c8b8f0c-05af-4e33-8148-78774af0d39a,윤선우,남성,16,2008-12-13,부산 삼구 5길 72
6164ff9b-38b8-4bb7-a609-653077459186,이민주,여성,45,1978-01-27,서울 사구 73길 29
0cd02c20-01d8-4f77-af7c-ab841fbed1bb,장성민,남성,31,1992-04-17,서울 일구 93길 76
776f9665-3a09-4699-be2d-b0d0e7897200,윤재경,여성,24,2000-12-19,인천 일구 58길 35
fcea7859-d5a7-40a0-a9b4-788579741295,박선진,여성,57,1966-03-04,서울 사구 56길 74
19adc0d9-09d7-4324-a1d3-faa2034bccd5,서경윤,남성,29,1995-11-27,부산 삼구 70길 69
9b7ca395-89ba-46b4-a2cb-285f98b190b8,윤서원,여성,26,1997-06-04,서울 일구 40길 82
6a1e4ced-be16-4323-a41f-e6b2ba46a0d4,유가온,남성,27,1996-05-06,대구 사구 18길 1
2249a2ed-abfd-4a5c-b675-a2106544b841,이다운,남성,49,1974-03-27,대구 오구 10길 5
886ad78e-44a4-4e38-bb5b-54c04aace7c2,윤세진,여성,54,1969-06-04,대구 사구 61길 42
1e0d018c-3022-486a-83b3-fadcbbadb3b4,윤시경,남성,56,1967-05-25,서울 오구 97길 36
589a2e37-5992-4f16-981f-372a38d05f8a,이성원,남성,63,1960-10-12,서울 사구 12길 57
5a00707c-c62a-40d3-bf76-aca7119ebb05,최믿음,남성,26,1998-12-08,광주 일구 54길 64
f8c2e526-8666-46c8-a9d8-9d1bf70dea6b,이경원,남성,58,1965-01-24,부산 사구 50길 34
20ca429a-61b2-4894-a9fd-26ef26cc6b56,이겨레,여성,62,1961-02-19,인천 일구 84길 52
000dfa30-5070-4244-9dfc-002861db9124,김마음,남성,49,1974-10-06,인천 이구 22길 23
529b9f29-a645-44ca-8379-b494bbce9320,조수빈,남성,61,1962-01-09,대구 이구 99길 3
644ca97f-a36a-4540-a0c8-c95d28ebb305,유솔민,여성,38,1985-08-21,인천 삼구 62길 60
f6e348c0-372a-4024-b0d7-9362d87ee76e,김경주,남성,28,1996-12-05,서울 오구 33길 70
eb160886-2472-4ae8-9739-d4f2f5daef77,장선우,여성,20,2003-01-26,대구 삼구 53길 75
bb9830bb-8055-419f-83b2-cb5938dfba24,홍에밀리,여성,28,1995-06-23,부산 사구 73길 16
0bb9171e-27b0-4704-99ff-bcb6de0fcf26,이규정,남성,41,1982-10-12,광주 삼구 22길 6
6a5d49bd-be1c-4f18-aabf-5774fda46e01,조노아,남성,41,1982-06-15,부산 이구 78길 30
e51e2e64-35af-4699-8ea9-32743c2154dc,서마음,여성,34,1989-09-18,부산 사구 49길 38
692251f2-afe8-41b6-afef-fb0219c7b92e,염세원,여성,52,1972-12-22,부산 일구 3길 51
9140266b-926e-447e-be6a-d8697db2ede8,유다운,남성,17,2007-12-28,대구 삼구 5길 60
c3f0264d-c526-436a-a787-025c5fb91e1c,강가온,남성,29,1994-09-06,광주 사구 50길 53
8e2f1c1d-25ff-4c25-9c6a-b7e5c3e82802,조경원,여성,50,1973-06-13,부산 사구 26길 19
399476d7-b06c-45ab-9b9b-6c45ec3a4367,신가을,남성,48,1975-08-08,대구 삼구 54길 40
0c64f270-a62d-4025-83be-a4501ed364cc,박규민,남성,62,1961-06-07,인천 일구 15길 12
49e76cd8-f431-448d-a6a2-3d72f0e44ddf,유마음,여성,30,1993-02-09,대구 이구 93길 14
2928f570-87c3-48a9-8dc4-1793c67f78e8,유기영,여성,14,2009-06-19,인천 삼구 55길 94
bf0f1b17-2007-49f9-a878-341169b8a000,조규진,여성,26,1997-07-20,부산 사구 69길 65
f7074a06-22f3-404b-a460-54db6808fa51,윤미준,남성,58,1965-05-22,서울 삼구 34길 91
7b1862db-1de7-49e2-9b68-7f273af75c2c,최민수,남성,53,1971-12-02,광주 사구 99길 22
26884a93-92c9-4808-b7be-a4a829578f4b,강규정,남성,22,2001-10-14,부산 삼구 60길 95
e3e77ab3-635b-47ed-b214-5dd4fa9ab285,서경윤,여성,33,1990-08-27,인천 오구 36길 63
af6a9ebe-91e4-42ce-a56b-deb8786da156,서세진,남성,58,1965-07-16,대구 이구 67길 51
73e2d5ee-19d6-4d8b-bb8a-54778f1def01,이선진,여성,23,2000-01-06,대구 사구 62길 87
23a3d251-91f7-4317-b629-f9e88a787b45,김두리,여성,26,1998-12-24,대구 일구 33길 29
b32f7052-50ec-4e1d-8fa2-e487c14aeb59,강경원,남성,37,1986-05-24,서울 일구 57길 25
41dc66bb-253d-48fc-bd59-8027384c28b0,장규영,여성,60,1963-09-15,서울 사구 56길 37
6ea6d94a-068d-4aee-8e1c-73e18e913d51,서경윤,여성,30,1993-05-20,광주 사구 31길 68
dcdf503d-01aa-47d9-81a0-27af6fbc702d,박사이,여성,22,2001-03-10,서울 오구 75길 34
856f8ef7-1701-480b-9306-e09489d244db,김올리비아,남성,46,1977-08-08,서울 사구 93길 87
fd2824fc-f7b0-458b-965b-e23d6a917d5a,염성경,남성,61,1963-12-10,부산 오구 42길 36
5ae0d032-c5a4-47c7-a7dc-f754bedf721e,서규원,여성,35,1988-07-09,인천 사구 19길 76
112aa731-7629-438a-bd1b-a91cd21fb32d,조기영,여성,38,1985-08-09,인천 삼구 25길 69
6b3f10d9-59b5-4483-a868-d0d373feed4e,서노아,여성,19,2004-06-26,부산 삼구 6길 28
2d4601fb-0715-4b6e-a164-d53b1e0d5d73,염민영,여성,56,1967-04-10,부산 사구 98길 60
c5d596c8-89a6-4122-91d2-aeb5f23ad645,조서진,남성,20,2004-12-05,광주 일구 100길 69
a7d87779-1704-4013-9bdd-2fc29a282405,최세영,여성,49,1974-09-09,대구 오구 58길 63
423ec7fa-69c3-45e1-a137-5e6ebf110530,강규은,여성,16,2007-06-26,광주 오구 3길 55
ea0c3096-f974-4d21-bb42-a289a8ccf017,신경윤,남성,37,1987-12-06,광주 이구 19길 32
351b3d85-4988-41e6-a29e-8f8ab5586111,염겨울,여성,41,1982-02-08,부산 삼구 61길 64
95769449-ef28-4af9-995a-2a07794ef68f,조서진,남성,44,1980-12-22,인천 사구 4길 40
9ffb8d47-dde1-4c86-ada3-85fb1b1b8b00,홍근출,여성,45,1978-07-09,대구 사구 31길 100
6159701c-68fd-4fc2-aec5-03ba3e1508fb,염시경,여성,39,1984-04-18,대구 일구 21길 88
d5b14824-a855-4ff6-aee4-fc01605e8f56,염보경,남성,41,1982-08-18,인천 사구 34길 60
c2b81fe8-d2a0-4e79-a206-ffeb59c1a421,박민서,여성,60,1963-04-05,광주 오구 75길 95
22c0122b-c440-4d89-a8d4-3142714c61d7,조미오,남성,62,1961-06-07,부산 삼구 74길 32
3b1c5e16-80a2-4770-870c-9c727ea4d61a,김경원,남성,40,1983-02-20,서울 사구 67길 39
99db177a-bbb2-47ef-aa42-77a5dcac3d31,이가우,여성,56,1967-04-22,서울 이구 99길 57
beeb12f4-2d8e-4ed7-972f-097ecf02fa57,홍라온,여성,41,1982-10-25,인천 일구 97길 39
429e6a95-a040-43fc-bf79-448ad4c1ed06,장미루,여성,54,1970-12-13,대구 이구 16길 68
d9dcddf6-adb1-4f51-8d2f-f994ddf586b3,조주연,남성,28,1995-02-08,인천 이구 69길 20
c4451c45-eab8-4952-b4bc-0f11569935bc,이성지,남성,44,1979-03-11,서울 일구 16길 7
1b7a4538-2b09-44c3-9b12-fd9c6abeaedf,조규람,남성,15,2008-05-24,인천 삼구 19길 35
5380a9b3-34c6-4f17-b931-f0c90b538ee8,염미루,남성,55,1968-03-27,인천 일구 42길 13
6ecfb058-1691-45cb-8de1-431d95823fe5,조서빈,여성,36,1987-01-14,대구 일구 55길 14
7015f6b4-a5e1-44d1-9e6f-e9690efbd4dd,장마음,여성,35,1988-09-11,부산 사구 2길 70
49a3a4a5-f3b6-4f6c-b7d8-67af58fef301,장성희,남성,25,1998-04-26,서울 사구 73길 23
46ae8d64-1207-4caa-ba15-e3147119c40b,박선우,여성,18,2006-11-20,광주 사구 78길 25
76ccb7e2-cb9f-4685-ab1d-cc3f2802222a,장바다,여성,26,1997-01-05,서울 오구 75길 88
95b44f45-1d8b-486b-8cdd-d0ae59115df5,김시언,남성,43,1980-03-10,인천 오구 92길 14
0a05495e-5b2a-4f19-87f2-44b045020033,윤사이,여성,47,1976-01-06,인천 일구 47길 56
21808682-4008-400a-af08-3e5760aa4198,최규정,여성,37,1986-01-24,서울 사구 100길 21
7efc2fa3-d2ab-4e53-baa4-5e5f20a7b09a,신수빈,여성,40,1983-03-25,부산 이구 99길 72
1583185a-ed09-4e69-b719-b0c49c5d96d2,서기연,남성,54,1969-05-08,서울 삼구 3길 87
155f599a-d56c-4900-8b7b-cbaa2c9d3790,유성지,남성,50,1973-01-21,인천 사구 45길 34
c21e4828-d188-48bf-b714-83ecefe54ead,홍리안,남성,37,1987-12-07,서울 삼구 91길 4
1794c9fd-6bd3-41c9-a5b5-c2cb9fdce702,유성희,남성,35,1988-03-08,인천 이구 54길 25
f3bf231b-ca7e-4ef0-bc32-380a11aec905,유다온,남성,55,1968-07-12,서울 이구 93길 61
8061ddb3-46ab-4fb9-9311-a1ec4c7695e9,조수인,여성,30,1993-07-21,부산 이구 88길 47
94c08fff-6ae6-4a0e-88e8-2a03fff2c557,이서율,남성,32,1991-10-15,서울 이구 72길 1
8ce72a34-b86d-479c-925c-4733b007a42b,서다민,남성,34,1989-05-12,서울 오구 96길 60
403a4e27-43cc-40f1-b543-d992d6fa22cf,윤누리,여성,33,1990-01-24,광주 이구 58길 74
d4d7883e-60b9-4bce-94a8-de12eba0d79d,박세진,여성,59,1964-07-20,대구 사구 84길 40
92fe0c8a-672e-4743-8678-8fe610ac3914,김서현,남성,31,1993-12-25,서울 삼구 88길 80
f2b7d75b-b904-4780-abb5-2006c7b2bc81,이에밀리,여성,20,2003-02-16,인천 일구 63길 55
f122389f-968f-4071-b631-5c848d771a1d,유시경,여성,25,1998-03-19,서울 오구 78길 51
12caed25-6d2c-4f8b-9e82-2830e7221f93,조규원,여성,36,1987-06-14,서울 일구 65길 17
2d28479b-0ee0-49b2-8fa6-e982cccc0509,조주연,여성,25,1998-07-28,대구 일구 51길 78
af38fc4f-3016-4d7d-b98a-0cadad8b7900,장연재,남성,28,1995-01-13,대구 오구 27길 78
150808ff-0852-4165-9868-b65e3fa1cd09,강수빈,남성,59,1965-11-03,부산 일구 68길 56
bb7bd8f0-9935-41db-b643-07cfcd4cc1cd,김경빈,여성,41,1982-07-09,부산 사구 26길 57
1f44088f-1536-43ec-83c2-e615105d8891,이나오,여성,27,1996-02-11,서울 오구 23길 22
63fcbc36-0ef3-4aa5-88ed-ac3b9972328a,염노아,여성,13,2010-07-06,부산 일구 24길 36
77c2290a-20dd-4f7f-9753-73216e378f93,최사이,남성,28,1995-07-23,인천 오구 3길 10
24eb1d0e-4c2b-461c-a30a-cbf3bf9274d1,장라온,남성,34,1989-01-04,대구 삼구 60길 43
76099a48-c141-40e4-b754-4abee4ccc659,박성민,여성,50,1974-11-17,대구 오구 21길 27
7814c7da-8d3d-4a70-9e12-3101c07de359,윤가온,남성,37,1986-03-10,대구 오구 4길 32
da683836-b7f9-457b-a528-1d93018cea9a,서리안,남성,38,1985-06-01,서울 일구 19길 91
47d193b4-ea65-492f-8268-8e82338a48e9,장세윤,남성,47,1976-10-14,대구 일구 67길 24
bdbd7031-f392-42c4-ae69-a4d6d4d8f6f6,염기은,여성,27,1996-08-11,광주 삼구 53길 43
88175d9b-d2b2-45cd-b8f2-44221da43f9f,윤서빈,남성,43,1981-11-12,대구 일구 9길 19
9a00ce65-d11a-43cd-9aec-31ead2a40519,강기연,여성,14,2009-06-10,광주 일구 86길 76
457840c3-271b-4a23-9912-c1a708e6a5f8,염민주,남성,49,1974-08-28,서울 오구 23길 86
f183c144-17df-4ce6-a974-a4fc9164f801,홍보영,여성,26,1997-08-04,부산 이구 47길 97
0ffdf60b-cb36-44f4-a607-e19681c192f0,장사이,여성,62,1961-09-25,대구 오구 59길 88
5c617a95-f4dc-4f75-af34-faef26304ec4,유규원,남성,32,1991-08-16,광주 오구 89길 93
f093d027-fd2f-474e-bd3b-f12885e18189,홍미오,여성,47,1976-04-18,서울 삼구 30길 54
bbe30801-5e3e-4d66-b314-5a610eea187d,이윌리엄,여성,16,2007-09-22,서울 일구 70길 60
03f1b882-984f-4c73-a7cf-77421d58a07c,유미오,여성,51,1972-03-28,대구 이구 51길 41
bd90b645-6038-428d-805f-88d1a92625f4,강믿음,여성,27,1996-03-12,대구 오구 54길 9
545934aa-c811-423c-965b-8f4bdeef0a38,장미오,남성,43,1980-03-24,인천 삼구 85길 81
f8a968fb-7cea-481e-978e-cb3748edc3cf,서규정,여성,35,1988-02-05,서울 사구 55길 41
9bd9d6d0-d3ff-4fed-a779-0329eeb5ea66,조성화,남성,30,1994-12-14,대구 일구 97길 78
992b9287-da5d-4d08-8e9c-a9fe41c4f9f5,박재경,여성,33,1990-08-02,대구 이구 38길 48
d2b49844-25b5-4300-afe2-bd3194eb1dfa,박상희,여성,47,1976-01-15,인천 사구 47길 8
6c2a7cd6-b932-4fb9-89a0-9a9e86272ad6,장다운,여성,27,1997-11-15,인천 삼구 95길 67
44e9c1a0-d529-43fd-9b27-194b078e1f78,홍가우,남성,56,1967-09-05,대구 사구 25길 54
7867e73b-04c6-42b2-a42f-b0fac121571d,조보영,여성,28,1996-12-19,서울 오구 71길 95
d21fb30d-dd3f-4899-8d43-78b242666f91,박성원,여성,59,1964-06-07,대구 삼구 79길 47
dbd897c4-14a0-4ed1-b548-720c9044bbdc,신도영,남성,41,1982-05-22,광주 삼구 95길 32
323ab954-f4c5-47b5-908e-889a1adf5427,최바다,남성,22,2001-03-10,서울 일구 37길 80
e2d1fffb-1e93-4ea5-9076-73bb5e788566,신수민,남성,30,1994-11-13,부산 일구 55길 6
3d368686-d402-47b6-9505-9923ce7421a6,김성연,남성,33,1990-03-06,대구 이구 4길 75
b36767ce-5a32-4279-a224-cc2e9ffb7e5d,유리안,여성,39,1984-06-15,서울 일구 94길 8
1d1d2a60-06e8-4e61-8004-0de5c2f12259,조시경,여성,18,2005-06-02,광주 이구 40길 3
372436b1-9fb2-4f25-875a-8190c2a9b51e,김경빈,여성,53,1970-04-19,부산 이구 81길 84
36d856f5-4b14-4fc9-ad11-1cc888782a60,최성지,여성,54,1969-09-06,인천 사구 24길 1
f3a13e59-7416-4ea4-8f2f-4d4fd4b71e06,유세현,여성,42,1981-02-03,서울 일구 39길 45
49e39b18-3537-4b8c-af4d-584f664a94ff,서기영,남성,47,1976-06-19,광주 오구 30길 62
8c12b253-0807-4d03-a81d-df416f678e7d,최서율,남성,30,1993-06-26,광주 오구 17길 11
9bb99d6d-dd7d-4431-8fbb-a901cbed03ab,신다운,여성,16,2007-02-24,서울 이구 32길 31
05f1b9b8-23d3-481f-9f62-68e142bfdbdc,장로운,남성,48,1976-11-02,대구 사구 35길 78
70ec1134-7511-4186-a150-e638f4b640f5,유미셸,여성,52,1971-02-18,인천 이구 91길 26
6b08ce90-b268-4041-aecb-d74adf9aa3bb,장규민,여성,59,1964-01-09,광주 일구 9길 19
f2f15662-695b-4547-a970-734c215adf5d,강바다,여성,47,1976-09-10,대구 일구 10길 11
8a3220b9-6baa-4897-aee7-45017d96cc15,이석희,여성,49,1974-03-03,대구 삼구 80길 79
051ebdcb-0373-4e85-b855-75821c0c88b4,윤다율,남성,31,1992-08-17,광주 사구 63길 37
c758ff86-9f6e-42a7-8f9e-8a78220d9a70,신경진,여성,19,2004-06-17,광주 이구 82길 52
9c0a29bb-a47d-4515-8fc5-f40831254c5d,박규빈,여성,25,1999-12-15,부산 일구 78길 14
c86bf6d3-f169-4eaf-a6a4-7756b9fabdb2,윤규원,남성,52,1971-02-05,광주 삼구 55길 28
5bf1ea9c-6e34-49c3-ba2b-17fa8a3aee61,장연수,여성,21,2002-01-17,광주 사구 4길 43
27cce4ae-56d4-434e-9c67-368ff918bba5,유규빈,여성,34,1989-09-08,대구 일구 8길 14
6e7c4aec-9ffa-45ec-949c-d6c369099290,염도영,여성,49,1974-03-26,부산 일구 5길 52
7023fc88-9ccc-4bdb-91ce-8eb43c76e759,김가우,여성,35,1988-07-25,서울 삼구 41길 59
0ae6c5f2-0b43-4f0f-a318-b5fa47d1ed68,서겨레,남성,53,1971-11-04,대구 이구 72길 41
1ee7fe00-3551-4b2c-babf-5e4ecb474ab3,최가을,여성,30,1993-08-05,광주 사구 77길 4
0a8ac959-0b8a-4d8a-9b08-85752e93e4be,장시경,여성,45,1978-06-06,대구 사구 71길 52
3469ba2a-29cb-4070-999b-5dc4f7d73cc7,김규정,남성,14,2009-05-14,광주 일구 2길 46
168957e6-f839-426f-9568-ab7c70c51c30,유기은,여성,46,1977-09-13,광주 오구 47길 66
cc8e2855-0d9b-4be7-bbe2-d91b6bf8aff1,신솔민,여성,62,1961-06-13,인천 사구 71길 14
5de8e74f-0b5c-46fd-b054-0e17226e6420,조바다,여성,19,2004-06-23,광주 일구 96길 18
46922394-78f8-47a6-b646-cfcfb9e7cffa,조다운,남성,56,1967-08-20,대구 이구 25길 99
60bcd88f-4744-462d-8dab-4403c517d5ab,최규인,남성,39,1984-03-21,대구 사구 94길 4
eda9b950-3eab-40a0-8418-0d816f5798fc,강다민,여성,20,2003-04-11,인천 이구 67길 66
0660c787-4e2a-44b6-ab90-5c1f089e6521,윤믿음,남성,29,1994-02-28,광주 삼구 100길 59
65362e08-4513-488f-bf57-d76072522a8b,조다온,남성,60,1963-08-01,인천 사구 76길 41
a5521a1d-8c1c-498b-8f42-34f87d900365,홍민영,남성,18,2005-09-10,대구 사구 93길 60
eecb49bd-6dfd-47d3-b195-650001a40fb5,조가을,여성,15,2008-01-26,대구 오구 34길 81
581bc55b-f32f-4452-8dbc-ed655e2ba3e5,유윌리엄,여성,55,1969-12-15,부산 오구 90길 45
2cb7f284-02c9-47a8-b413-d4d7a2cfb6e8,윤서진,남성,57,1966-01-01,부산 삼구 85길 99
f09f2dad-9afd-45a2-b16c-c72fb87000c7,서경빈,여성,15,2008-04-19,부산 삼구 32길 62
ee708305-acea-464c-a881-dd963721d788,염겨레,여성,56,1967-06-19,광주 이구 93길 86
509fd2dd-95bb-4854-9253-7020cdaf8284,박미루,여성,40,1983-09-01,부산 삼구 12길 22
7de37962-a290-45aa-b37d-0bf18b9c21ad,이겨울,남성,29,1994-10-02,인천 삼구 7길 89
59f1d46e-4693-41a7-b30a-3a10086b638a,유겨울,여성,19,2004-09-08,서울 사구 94길 71
37434636-63d5-4edf-87f7-ee251247493e,김세윤,여성,57,1966-09-03,인천 일구 63길 21
5490b560-6bd4-4f05-9ec0-180894c67fdd,염미르,남성,33,1991-11-21,광주 일구 63길 59
2a9c7c3f-57fd-4f33-984b-3c193eb8ab0a,서규원,여성,59,1964-03-22,부산 오구 83길 7
ab5beced-2e57-4f94-af02-4e7158151c0b,김경윤,여성,54,1969-06-19,대구 사구 69길 46
7b9167a1-c1e3-4789-90dd-5c508367bffa,윤규빈,여성,33,1990-03-17,인천 사구 40길 76
f16cb5fc-16b8-4a5f-a686-1d036bf0d720,이노을,여성,15,2008-10-03,대구 삼구 34길 20
b7f2c65d-9074-48d1-9570-23ac2cabf749,홍바다,여성,20,2003-01-03,서울 이구 94길 88
63574652-d666-479d-bd51-5d04cbaa3e3d,서두리,여성,50,1973-10-03,인천 사구 35길 37
5201a8b6-22d2-43af-ba99-1b10ec8814b7,조연수,남성,17,2007-11-27,서울 오구 71길 8
2cc0edd4-049f-477a-bd9f-3da67b5affee,홍세진,남성,43,1980-02-10,부산 이구 31길 100
afcafd9b-a179-415a-8bb0-a54787710a1f,강유진,여성,51,1972-06-07,부산 사구 22길 58
0f3b7ea9-c708-414d-90ea-626265f035cd,최규인,여성,53,1970-01-26,부산 삼구 89길 83
fadda23b-c950-4e45-80e5-257ad27e935f,유수빈,남성,46,1977-01-21,인천 사구 76길 8
e1475552-694f-44a6-8cd7-7f934ee97835,서기연,남성,62,1961-08-03,대구 삼구 31길 97
e83e3a6b-6f58-410e-aa94-47e806ae8bb9,김미셸,여성,22,2002-12-25,서울 일구 16길 92
d0957f93-e0fa-45ab-9cb5-76b508a15d81,장믿음,여성,40,1983-10-23,부산 일구 24길 96
0f56796b-a80c-448a-8286-071d2d0fe5e1,홍규람,여성,63,1961-12-17,서울 사구 33길 61
4596e325-bf69-4f38-bb02-bec7058a9c92,염규진,남성,51,1972-01-14,인천 이구 42길 87
9dcb54c4-e504-48e9-ab6f-4293f55da354,서다율,남성,26,1997-09-09,대구 오구 94길 35
04f714cd-d862-4523-a9b5-3d2943ddeee5,염올리비아,남성,57,1966-02-14,인천 오구 65길 96
a867ee20-8344-4230-9174-f1eb60e022ac,신겨레,여성,35,1988-05-12,광주 이구 31길 76
5b378f12-4ac9-4310-ad5d-87aec963a5a3,조가온,여성,39,1984-03-21,대구 오구 50길 86
e17bf311-e2de-41df-8413-3b6bc97ba1a5,서가우,남성,38,1985-10-12,서울 오구 82길 31
73d94b56-1012-4070-b37c-ca77dd3d6831,강보현,여성,54,1969-06-12,인천 사구 46길 38
d6166cf1-27e3-46fe-b05c-625b12fd4461,장리안,남성,31,1992-06-19,인천 일구 76길 52
d0771b24-8eac-43ea-9a00-77254dfc3071,김서빈,여성,54,1969-08-02,대구 사구 7길 30
eb55e904-12c9-4217-aba0-7ac02e1c6195,염미르,여성,58,1966-11-28,인천 일구 97길 43
e42f51b1-41d4-4c8a-95aa-e545075675c7,윤규영,여성,23,2001-11-19,대구 삼구 14길 95
229099ed-fb8f-431f-854d-a30cec2f2f96,염성원,여성,15,2008-02-06,부산 사구 54길 39
bf5a7e5b-cb3b-4178-b83e-77b7dee7de89,최다원,여성,15,2009-12-19,인천 사구 38길 4
da538c28-c3fb-4e05-86ff-3c11ff09fd80,이민서,남성,50,1973-02-11,인천 오구 19길 46
038c74f5-ac2f-4d1a-90d0-03068f111742,조세진,남성,49,1974-07-12,대구 사구 1길 52
aeb820f1-8b3d-4ba6-8420-28b9a3f4c1f8,장규원,여성,34,1989-08-20,서울 사구 90길 73
5ccae6f6-6b34-4b98-8245-4ac913c5f768,장세윤,남성,55,1968-06-14,서울 이구 24길 80
b0cfee4a-5e3b-4b7f-a1b6-dc018b79be38,신규원,남성,36,1988-11-23,부산 일구 77길 71
59190384-1bfa-41a9-bacf-cb9c4db2972a,박성연,남성,52,1971-05-16,서울 이구 89길 27
6e996e3f-7ded-47ae-aa2a-f4660ecb5cae,박규인,여성,22,2001-04-16,부산 삼구 62길 60
7dc80f80-8bcf-4a06-a823-4942ac3c1836,김가온,여성,28,1995-05-13,서울 삼구 54길 86
4e5bd426-988d-4644-920b-02c94320a519,윤세현,여성,57,1966-09-14,광주 일구 49길 78
72f6863c-bcd2-4b7f-8288-f2d355515c1f,홍노을,남성,26,1997-05-22,광주 일구 11길 98
3f6d0d69-4f3c-4c61-aa7d-1220bd693b32,홍서원,여성,42,1981-02-11,광주 일구 55길 14
85a16b79-4be7-4ede-9e0a-70a5952a6114,이바다,남성,18,2005-02-22,인천 오구 59길 84
320400d5-3546-4ed1-8d16-aff69ab358f8,유서진,여성,21,2002-01-19,서울 이구 42길 7
dfbbe88e-81f5-4d4f-8753-5863a8a22147,최누리,남성,15,2009-12-05,광주 이구 58길 16
4789e485-7f2f-48d8-baee-46605ac83381,박성화,여성,31,1992-08-26,광주 삼구 25길 14
884c7653-f500-4976-a882-c57f3004a4f2,강가람,남성,55,1968-09-27,대구 일구 82길 22
18fbfe7b-8515-49b2-b4b4-e7ba58a023dc,강재경,여성,52,1971-08-19,부산 사구 6길 29
f2d84c3c-ca19-4818-87c3-b5241499e829,염규진,남성,20,2003-02-21,서울 일구 74길 97
d334fc48-d43e-4054-b569-400687091f82,최누리,여성,57,1966-06-19,인천 이구 78길 14
ef80a39d-e6b3-40a4-ac0f-5c79807773b3,강미준,남성,57,1967-11-05,대구 일구 33길 39
7831d03f-07b4-4924-bd94-2877985f1aee,김세윤,여성,38,1985-04-13,인천 이구 69길 31
84a4f6bb-b4b3-48ab-ac58-b60646d99a8e,박규원,여성,23,2000-07-03,인천 오구 55길 83
834ae73b-4744-4c51-bf91-4ce01a9d25c2,홍다온,여성,45,1978-03-21,서울 삼구 97길 55
08ff37d2-db4f-4540-8b02-7fb2e3409290,홍도영,남성,56,1968-12-01,서울 이구 26길 74
491022fa-c0fe-4827-93b8-a93978ba9ef5,이규빈,남성,36,1988-11-18,부산 삼구 10길 45
44c768a8-5477-471d-863a-b3c6ce61efca,조상은,남성,18,2005-07-10,인천 이구 95길 49
2e7e60d2-a064-4105-b165-b12290b76461,박루다,남성,57,1966-01-09,인천 삼구 82길 51
d1630954-b4c8-4710-ae63-647f2f56397d,김리안,남성,37,1986-02-14,대구 일구 85길 8
d63b103c-8d44-4495-8dd2-6a57932ebd9a,강규영,남성,32,1991-01-17,대구 이구 7길 96
6701ff04-1721-4ec0-949b-f264ace02206,최경윤,남성,29,1994-05-22,서울 일구 41길 31
639a4497-9ee9-4331-a821-30c0f94404c1,장서현,여성,25,1998-08-25,부산 삼구 33길 97
40132685-dfb5-45ce-aabc-d592a42d6bda,김금선,남성,51,1973-12-26,인천 이구 50길 8
17f57e55-2b07-4c9a-a4b2-e5750e7bdd81,조라온,남성,59,1964-02-12,인천 일구 15길 4
7772f7f8-7c85-4ed5-8bad-1862169f6359,염민수,남성,49,1974-05-24,인천 오구 13길 72
7de00db8-1a33-4a3d-93b8-704472d2637e,장기영,남성,13,2010-06-09,인천 오구 13길 16
d8c9a314-6123-42de-916a-e8a144e174e8,신솔민,남성,25,1999-11-05,광주 사구 27길 83
75ce3711-a269-4a8d-9123-c5a438dd0362,강유진,남성,21,2003-12-04,대구 이구 88길 27
f9e6b768-9104-44ca-983a-980d023165b1,김성지,여성,42,1982-11-10,대구 사구 55길 86
2c6fa64f-7aa2-4513-a332-35f0f243ee46,조노을,여성,40,1984-12-28,부산 이구 80길 68
843a5e54-9cfd-4a1a-bc81-10d21c287159,유민수,남성,63,1961-12-08,서울 삼구 85길 71
19d9fe28-566e-4729-8e79-d2f2a3ad5e2d,염성은,남성,27,1996-10-19,부산 오구 38길 95
edde2fd8-a77c-4889-8176-bbaa175d3993,유선진,여성,31,1992-07-09,인천 이구 85길 98
e9dbd313-2df1-44a2-a7e2-f45771a3cac0,최세원,남성,24,1999-07-05,대구 이구 12길 91
a107d36d-0600-4f95-ba01-c5afaec6ea69,최주연,여성,60,1963-05-16,광주 삼구 84길 15
114add4f-ec90-4a7b-9e37-0d50251221b6,유규연,남성,34,1989-05-03,광주 이구 33길 87
abfc3cd3-2263-427a-a91a-c9ff5600dfc2,윤규진,여성,35,1988-08-02,서울 오구 42길 96
7b878a1a-2020-4cf1-88a7-0d00b4fe4d59,김다현,남성,51,1972-10-21,인천 사구 66길 8
89194a66-44ac-4fb5-b775-cac02b535b65,이서원,남성,22,2002-11-20,광주 삼구 6길 1
6b525dd6-0029-45e5-9b6c-c119f20081b9,윤사이,남성,33,1990-04-07,인천 사구 33길 96
0b11edca-106a-488c-af67-0b2fd8b7ea3b,신다원,여성,60,1964-11-04,인천 일구 47길 38
b431aa4e-50bc-4ad9-a72e-bf4403dc7c96,박기은,남성,60,1964-12-11,인천 삼구 11길 3
e0710def-e18f-4572-90af-8cf229ad9cae,최규은,여성,61,1962-10-21,서울 이구 86길 47
40ab861d-2063-42ad-a0a0-673074295ac3,윤경주,여성,22,2001-02-06,부산 사구 32길 18
79fa881d-610c-41f6-a24c-28ad22b0a6c0,김금선,남성,20,2003-04-15,인천 삼구 70길 59
16487906-e71a-47be-83aa-aeececf96b02,박가을,여성,40,1983-06-23,대구 사구 34길 88
bd65af39-6e62-4933-a4bf-8e1ac58b142f,유규원,여성,60,1963-01-03,광주 삼구 71길 75
5969000f-f56c-4e70-b453-0a76aee5a4dc,이성연,여성,48,1975-05-26,대구 사구 69길 87
e4659af7-d81c-403b-b97d-24d6fd46587d,윤성지,여성,27,1996-04-16,인천 오구 53길 19
e4653e7a-503c-4610-9bba-a9e923a8edac,서경윤,남성,20,2003-07-21,부산 일구 3길 87
d5242cbc-d121-44e9-aa60-134ac03972c1,윤세영,여성,43,1980-09-26,서울 일구 49길 98
cf6bb5be-6486-49b4-80d2-fb22beaed58e,조규은,여성,15,2009-11-19,부산 오구 45길 60
47c8b3d6-9081-44ee-b844-f86df6f3a85c,이미셸,남성,15,2008-07-26,대구 일구 32길 88
6f09f028-8ae3-4a8f-a0ff-ee9b48c20c6c,강로운,여성,14,2009-06-22,서울 사구 67길 76
b4a6df5f-0861-445a-871a-6d0780154ca4,조노아,여성,27,1997-12-23,서울 이구 29길 51
460df3e6-e68b-4ff0-b60c-fc7f845a08d2,장서빈,여성,48,1976-11-03,인천 사구 48길 46
d1ef69b5-a103-4c90-8d43-3acfe6968fcb,이보경,남성,51,1972-09-22,부산 이구 3길 82
b65254b1-8cf6-468c-ae4b-0593fd4cedd7,장기연,여성,59,1964-04-04,서울 오구 32길 64
6778893e-04e0-41bd-b077-c140f9b40bbc,서금선,남성,39,1985-12-05,인천 오구 35길 52
f090f8f2-4547-4a0e-a190-c0f142650a41,윤규원,여성,14,2009-05-16,인천 삼구 46길 55
95565a06-53a3-4f03-b51b-69b1f1fd9d11,윤다원,여성,63,1960-10-14,대구 오구 84길 45
1b206d7f-a476-4d27-b065-d3e39c6badff,홍서우,여성,28,1995-04-23,대구 일구 15길 79
4efa4fe5-baaa-4b18-8c23-014a0f4187d9,조민주,여성,51,1972-09-16,광주 오구 55길 54
58769980-ec71-4a7a-8ac3-5b03bea96ada,유경빈,여성,59,1964-06-12,부산 오구 29길 37
698fec35-e54a-4846-8b41-495220a52165,이도영,여성,27,1996-10-25,인천 이구 24길 10
df49d2e6-a324-49e5-a430-990ec85a10d4,박다민,여성,46,1977-06-12,서울 이구 4길 12
b3600eb8-330b-4751-803d-1ef8d5d64a34,장규연,여성,60,1963-06-22,광주 사구 8길 66
d92b91fe-580c-4139-a778-87127bd10baa,박서율,여성,54,1969-03-18,인천 오구 79길 37
9186d229-f812-41e2-aa07-b768fca5e2e3,이규빈,남성,52,1971-03-26,서울 삼구 60길 22
3035b893-ac5d-40f3-a678-a7c166b11bad,강보경,남성,39,1984-03-12,인천 삼구 54길 79
afee288f-cd4b-4df8-b353-bea3f999cbd3,서성은,남성,46,1977-09-27,인천 삼구 14길 28
08256292-6a66-4714-9e5e-44cc1cdc832a,강보경,남성,15,2009-11-28,광주 일구 67길 37
c2ea8791-17e3-4323-a6c2-c5accb5c8b76,조리안,여성,63,1960-03-12,부산 이구 61길 80
ca4e239d-8856-4037-b6ab-c10022fbd61f,홍다현,남성,34,1989-03-17,인천 일구 44길 58
800b829c-4c82-472e-8993-7e71e6eb38e3,서보경,여성,50,1973-09-07,부산 삼구 59길 54
15fd0655-8a58-4f01-9a2d-c02d2e100d39,조세빈,여성,29,1994-10-07,대구 삼구 51길 48
d59d7dd4-9ef8-4e16-881d-d314aaa6859d,유상희,남성,20,2004-12-19,인천 일구 38길 19
43e325f3-9b58-4371-8bb6-5b24c1b96aee,이석희,남성,30,1993-06-04,광주 오구 12길 100
88cdceed-7e1c-4636-a751-595a0045e13b,최세현,남성,18,2005-06-19,부산 일구 13길 45
17656cf6-061f-484b-acfa-47b85c518cba,윤경민,남성,25,1998-06-09,인천 이구 60길 35
e674048b-1db2-47c7-9a23-3b38a1068f1f,윤규인,여성,50,1973-06-04,인천 오구 54길 64
0665e745-49ae-4848-9407-7b0eec1f1f87,강성은,남성,45,1979-11-20,인천 삼구 70길 74
9c10b65b-6479-46ce-9a42-b2ee06fc6fe0,유사이,남성,43,1980-02-22,서울 사구 57길 22
a0b04570-47d2-4fb7-bf84-6e40d66ba837,윤미르,남성,53,1970-03-11,광주 오구 91길 4
35b2cd99-b82a-4c9a-a415-f8206ef652ab,조상은,여성,54,1969-06-03,대구 사구 38길 5
2070c0b4-1c47-496a-b0a8-ed12bd262cf6,염두리,여성,32,1991-08-25,부산 이구 64길 93
05d78de9-a782-45d5-a35d-7e5e414f168a,신성민,남성,62,1961-04-27,광주 이구 72길 63
d191f79f-a698-4b06-9f6d-ca4c7ee80b78,이기연,남성,40,1983-10-10,광주 오구 39길 23
8781bc33-5df8-49bf-81dd-7ac0ccc0cf14,최리안,남성,22,2001-09-26,광주 일구 51길 42
0ea1f8a9-5597-404b-8164-b55be436d8f7,조두리,남성,24,1999-08-07,광주 오구 55길 17
7cb590e7-d246-4f78-9b41-a3d3f9c10d34,장보경,여성,39,1984-03-09,서울 이구 17길 41
836f2c5f-70ef-41b7-a71c-ac4535ce27c7,홍시언,남성,61,1962-10-26,대구 오구 20길 60
cceba5a3-c7e0-42a0-95b1-974d30f497b6,염상은,남성,61,1963-11-16,대구 오구 77길 96
93873b51-ffb6-4cfa-8b7c-4c973166a389,조도영,남성,26,1997-04-23,인천 사구 43길 3
b2f3c715-8efc-4bd7-860e-dcb37de6d120,강금선,남성,14,2010-12-02,광주 일구 83길 73
64dc7781-0a98-4b32-8d9f-a42f34551466,김두리,남성,19,2004-02-08,대구 일구 75길 4
ccecda61-40e9-4dd3-b833-a800682d88a1,강상은,여성,23,2000-01-08,대구 오구 65길 19
b08e394c-1c5b-4a21-9e62-5f6ab8ae7328,조수빈,남성,49,1974-04-25,부산 오구 20길 52
e4b30a1c-1c00-4052-8fd5-86544bd3670e,조다율,남성,40,1984-11-14,광주 오구 44길 56
513b32ae-0a26-46ef-b4c6-264717054adc,이규빈,여성,28,1995-06-14,부산 일구 34길 89
9dfbcdce-8452-442e-8b77-d5e2b3962f68,최수인,남성,58,1965-06-01,인천 이구 11길 98
ca7ddfad-68ff-4784-8afe-3037c01cad83,신성민,여성,27,1996-06-25,광주 오구 75길 14
0f2d569a-5a3b-440e-a398-9dacafff8f88,최세윤,여성,43,1981-11-26,서울 일구 14길 8
da53b4a9-961a-4d0d-be08-fe4bb76de56f,장성화,여성,14,2009-06-24,대구 일구 23길 11
d6b3295e-83a0-468f-8c0a-f1c52c6e3ebc,윤규원,여성,44,1980-11-05,대구 오구 55길 80
e54c99e1-e078-43da-b905-ec22d2ee5b30,이리안,남성,44,1979-03-03,서울 오구 34길 2
f65cb241-9b6d-480f-9806-e1a816fb4ab1,윤연수,여성,43,1980-09-09,서울 이구 18길 16
e70671fa-02f7-4dee-ab3b-69b852b1881b,염바다,여성,38,1985-02-16,대구 이구 81길 55
0234b4a8-1c65-4c22-bb40-ea6a2959b072,김도영,남성,27,1996-08-19,대구 이구 27길 14
896aa385-7763-446d-bd2f-b61b8e6325c4,조주연,여성,26,1997-10-25,부산 일구 33길 8
98a1148d-2e74-4eb0-8315-276ce98a3189,조민재,여성,18,2005-08-12,광주 사구 36길 40
def47936-4fe2-419d-a958-80d456e395ac,강민서,남성,27,1996-06-18,인천 사구 51길 78
686e47ba-6a27-4b51-96ea-0fbd6a4cfe34,박근출,남성,52,1971-10-18,광주 삼구 79길 68
a84f14f8-0d7d-4fd2-b566-a53c7477438f,박경원,남성,44,1980-12-11,광주 오구 96길 61
1923bfd6-bff3-47fc-8006-16ce6bb67789,신상은,남성,62,1962-12-26,대구 오구 51길 11
cba4eaa8-654b-442d-bc18-a4f587d26078,신상은,여성,48,1975-08-23,서울 삼구 1길 77
4cdad68f-2787-4608-b30a-def927f763d4,최경원,여성,47,1976-09-20,서울 삼구 57길 55
5bcf174e-812c-4551-b58f-e04be310c3a3,신다율,여성,36,1987-05-04,서울 이구 14길 63
31d4d270-83c6-45eb-bd61-c2a158dc9048,서시경,남성,35,1988-04-01,인천 이구 27길 61
8520bae5-44be-44cb-8251-f7d0cd2839bf,윤미루,여성,41,1982-02-07,대구 사구 51길 66
3c7df6ec-d123-435d-bb61-9b4b257b5e4f,유성민,남성,18,2005-01-16,인천 사구 38길 78
7b349706-4401-499f-9ad4-6fe7a99da695,홍상은,여성,31,1992-05-14,부산 일구 43길 36
621ff094-93ff-4429-8b33-d2dcfb04ccef,조서우,남성,22,2001-06-13,대구 일구 71길 79
35ddcbfa-af3a-41b0-8fe3-df9f5dae86fd,조미르,여성,60,1963-01-04,부산 사구 74길 43
576470a5-1a07-4c8d-8c0a-a67bb602b810,최에밀리,여성,49,1975-11-08,서울 이구 62길 52
5fb3f110-0532-4f84-a94e-2f934105b6ba,윤규인,여성,19,2005-12-21,서울 삼구 83길 40
1946c36a-7ae1-4462-84f4-f4e7dcd6c28a,조성주,여성,51,1973-12-21,부산 사구 42길 83
726794c4-d695-4d28-8da9-61faf8457cd4,장누리,남성,50,1973-10-18,서울 일구 37길 35
9de6d02f-34e6-4506-b807-c56865cab9ca,서규진,남성,58,1965-08-11,광주 오구 73길 91
a715743f-6eb6-4bf7-8f06-b2eba5f9ac81,강라온,남성,16,2007-03-27,인천 사구 60길 65
a865efb7-b3c5-4a25-87a1-f17512c380d3,서겨레,남성,30,1993-07-08,광주 오구 60길 40
038e9db2-0a4c-4125-83e8-32df72bd2645,조시경,여성,29,1994-05-22,서울 사구 19길 58
c754e1c1-6c8e-43f5-a419-d7d59bc892f2,서두리,남성,31,1992-05-15,대구 삼구 79길 28
9d6fb021-3cf3-4d20-ae43-cb3dfcabbe60,서마음,남성,23,2000-09-02,서울 사구 19길 43
44250e1d-95c5-4709-9c90-88a6068dd7ff,서라온,남성,21,2002-02-09,대구 이구 5길 38
9830c8e9-0bf5-433c-babf-99969b8e1bc0,신규연,남성,32,1991-03-15,광주 일구 22길 85
d5fbaea8-bdaa-43de-b029-a7c938b9a0d5,김마음,여성,48,1975-05-06,서울 삼구 59길 92
66356910-39b1-4fbb-af8d-be8efd9658e3,김연수,남성,39,1984-08-22,대구 일구 67길 7
778c3701-f351-4d4c-b6bd-05754fe32818,윤세진,여성,42,1981-07-24,부산 오구 2길 89
d819df78-deab-4d7f-a85e-e6242361485e,조가온,남성,51,1973-12-09,인천 이구 50길 32
5bfeff4f-0de9-4b5d-be52-b3b6eacf0c46,장은재,여성,50,1974-12-23,부산 삼구 3길 62
b525ff67-9fd5-4203-8b63-7d969f0b56b4,최다현,남성,24,1999-10-05,부산 삼구 33길 1
5e8ad290-d32c-4819-88e4-ae3ba441ca41,강서원,여성,39,1985-11-28,인천 오구 90길 79
2a2096a9-eb9a-4f4a-aa86-bd800ecb9ef9,최주연,남성,53,1970-02-10,부산 사구 5길 18
eb39c5e2-11f7-4a38-b535-d2a835f8bab6,조보경,여성,35,1988-07-19,대구 사구 27길 65
2d251808-5de3-4a11-885a-243d05603a92,조세영,남성,47,1976-08-27,부산 일구 85길 93
452373ac-3cdd-49e2-be92-f5928b8c0d3b,장누리,남성,31,1992-05-13,부산 이구 75길 63
4a684b9c-f38d-4826-b20f-e908156cd022,최보현,남성,42,1981-03-09,광주 오구 80길 84
46cb275a-22bd-4b7f-866e-be9812f35ddb,유수민,여성,38,1986-12-08,광주 일구 33길 22
a07db288-0573-4924-ad07-3bc0ea8a63ad,홍상희,여성,27,1996-05-28,대구 사구 12길 55
b08e3222-2d88-460a-b7b1-f3e013d324a5,염수인,여성,54,1969-10-04,광주 이구 43길 88
58b1f98e-86ab-4202-b073-e8972bb93309,박다빈,남성,33,1990-03-24,광주 오구 60길 3
d29b618e-b46f-4b4e-b50c-f9fdd15c55d0,서성주,남성,17,2006-04-10,광주 일구 4길 76
b19eb4cb-bd40-4e46-8f87-3b718fa11955,장선우,남성,17,2006-08-01,광주 일구 18길 8
7188cf3e-bf68-4417-9212-a175b1670a73,윤서빈,여성,14,2010-11-27,대구 오구 62길 40
9f11c5d2-abd1-447f-b784-332ab417f8dd,장다온,여성,47,1976-05-24,대구 사구 94길 15
ec1ec1b8-d4f4-4f66-9991-5c622e977a5c,신서현,남성,47,1976-01-26,대구 사구 30길 89
6b15b69b-a4f3-4c8b-990e-ce5bc51aea70,신규은,남성,63,1960-01-23,부산 사구 34길 42
be4393cc-cf4a-44ea-a312-6bdd2a115f4d,최금선,여성,26,1997-03-13,광주 일구 45길 8
8ba5997c-9d83-466b-b370-1276281ebe0d,박윌리엄,여성,59,1964-05-13,광주 이구 32길 32