ID,Name,Gender,Age,BirthDate,Address
94fc6cc7-1ee9-401b-a063-ad83cd84ba9b,강규은,여성,57,1966-06-04,인천 삼구 40길 83
c352b85d-ef0f-439c-b3e6-d256bccabd29,이경연,여성,25,1999-10-07,인천 사구 91길 36
59a4ee13-8740-42ae-a278-d92c0c898e83,김기영,남성,39,1984-03-13,서울 사구 66길 25
3507ac0d-ae7d-476e-bf47-d04e8ebabd90,최성희,남성,58,1965-06-06,인천 사구 62길 86
cdbac5c7-4190-4ae5-8638-7834a891ed7c,김사이,남성,31,1993-10-18,부산 오구 87길 82
9daebca6-fffe-4cf8-814e-131c35877b89,조보현,여성,29,1995-12-18,인천 일구 93길 38
ad650ffb-fa34-4cb7-9030-5341a407abbf,윤민재,여성,21,2002-03-18,서울 삼구 69길 25
d0c526e6-69c1-450b-a28e-c52441f674eb,홍나오,여성,39,1984-01-19,대구 일구 47길 22
1bbbedb0-6edb-45c8-96fe-4304a329de95,이노아,남성,14,2009-02-13,대구 이구 13길 39
1749efb2-cc90-4be4-b5c8-6a2ce9d35b54,강성지,남성,37,1986-01-15,인천 사구 69길 7
b7b46c65-1d7d-479c-acbe-69bea8bbc244,강다빈,남성,34,1989-08-21,부산 삼구 42길 2
5a862960-2300-4f7a-8cf8-93b0eff99508,염경빈,여성,54,1969-02-05,대구 이구 86길 24
819226bf-502e-4494-8c48-6e185a6a1484,조라온,여성,34,1989-03-16,광주 오구 25길 39
a7b4dbd0-b463-42f3-b997-4b6d2d23bbfa,신근출,남성,16,2008-12-04,대구 일구 9길 67
88c82c21-1f8e-4a99-8f97-f03609a285e9,이도영,여성,16,2007-04-10,서울 오구 86길 86
f803d014-b5bd-4a9a-a25b-9414ea5c0e1e,유성은,여성,54,1970-11-23,인천 일구 64길 48
1039b5cb-395e-443d-aab3-cc19faf04a1b,이은재,남성,53,1970-03-03,부산 오구 64길 92
9c16b639-812b-49cb-be86-320e749a68e1,박서원,남성,16,2007-04-21,광주 오구 8길 14
28296686-80df-4f8e-ae28-434ffb302aaf,윤도연,남성,20,2004-11-21,광주 삼구 5길 68
b19215f3-280a-44de-82f2-53288549c8fc,윤리안,남성,23,2000-06-22,대구 오구 44길 8
de972414-cd28-4756-bdf5-8409185d7f73,장리안,여성,39,1985-12-06,인천 오구 50길 12
b7483a16-99d0-474f-96c2-7aa71a5d55c6,김수빈,남성,59,1964-05-24,광주 삼구 5길 73
6039b2dc-01d7-4d42-9578-ae6ca2e442a2,홍다운,여성,13,2010-05-23,인천 일구 65길 51
0bd36247-0240-4887-ad01-d12ebdfad68f,신성주,여성,41,1983-11-07,인천 사구 49길 70
b24d7bf7-eccf-46ab-9f24-8390c07a1f22,박미셸,남성,15,2009-12-09,대구 오구 62길 15
84c21f11-dbc7-4dd3-9db9-9262ff3f15ff,장성민,여성,20,2004-11-14,인천 사구 82길 48
0ad7a41c-6c43-4a10-89f5-a2f6e4026a73,이규정,남성,23,2001-11-02,서울 사구 12길 11
0b3eede7-0a4a-4db5-ba05-7845485bb108,유강은,여성,33,1991-12-26,광주 일구 50길 79
b6530c98-6129-4b83-8317-4b2427dbd632,조가을,남성,30,1993-09-24,인천 오구 74길 72
4c04a695-0636-4131-a896-887002c70b66,강미루,남성,27,1996-10-02,광주 일구 72길 62
44f1eaa1-cfb1-4218-a58a-f8fceffcf864,홍규정,여성,48,1975-05-15,서울 사구 21길 34
21782e3b-61c5-4058-bb57-3edc744fcd5e,신바다,여성,41,1983-10-07,부산 사구 14길 68
212b0657-94b2-40e8-9ec4-cc8b80c4ba3f,박민주,남성,14,2009-09-16,대구 삼구 35길 80
c5e51c4c-e249-4e5a-bca0-67f12b5b0309,최경연,여성,16,2008-11-20,인천 일구 80길 32
ec2757f8-e7df-44b9-a643-fbe7c616c1f4,윤연수,남성,28,1996-11-04,대구 이구 82길 60
46cf80f4-11f2-4b59-8bd2-6ca3be032fca,조재경,여성,56,1967-03-25,대구 이구 37길 42
9e5e2e1f-f257-4fa2-8946-c7a19a47b24c,신민수,여성,23,2000-08-02,부산 이구 74길 26
aa364b81-4114-4051-80c5-718589fb2145,홍세영,남성,28,1995-07-21,부산 이구 39길 81
f48e2b08-c16d-4765-b246-6ea03a872313,조수민,여성,41,1982-06-10,서울 삼구 78길 63
08fa7316-054d-422c-b53a-ae142fdb2ba6,조상희,여성,37,1987-10-07,대구 사구 70길 31
55e89e43-d204-4f6d-b6d5-a218e0dd555e,김다원,남성,53,1970-08-26,부산 삼구 19길 48
b9769d76-661a-4247-86da-fedb192e54ef,최수인,여성,51,1973-12-14,대구 삼구 32길 86
0302ba51-77f6-4906-9bc4-beef273eb1a1,염가우,여성,36,1988-12-09,부산 일구 31길 22
83904427-2143-4613-a061-264dfca6905a,서서우,여성,34,1989-07-22,인천 일구 5길 22
b870cd06-6bb4-4410-925f-0796d5559729,서세원,남성,58,1965-02-21,서울 삼구 89길 67
1ff5f10b-9782-421f-acf8-5e0f3c2536bc,염기영,여성,34,1989-09-06,부산 사구 75길 3
63c17d1a-e493-452e-8f80-0ebc663f2227,최다온,여성,49,1974-09-17,광주 사구 14길 54
ac82c9b4-89bb-4619-8fd2-bae55719492d,조규은,여성,57,1967-12-01,대구 삼구 49길 64
383ce34d-3213-4314-aaf3-50b14a5c2ba1,홍루다,남성,52,1971-04-23,대구 일구 88길 77
33083d3e-f1d0-455f-8220-0e042da62d32,강수민,남성,59,1964-06-23,광주 삼구 74길 41
d0a9767b-a0bf-4e89-bef6-c232c5bc62a6,장상은,여성,15,2008-08-09,광주 사구 35길 30
52beacdb-97e6-45d7-bb61-f7b5123c0b25,윤다원,남성,58,1965-08-09,광주 일구 83길 68
8c570fde-a904-4ea9-8a6f-16b5193b5f81,박경주,여성,34,1989-04-05,인천 오구 25길 49
75214260-cdcf-4173-8f59-9b5db031f45e,조성주,여성,29,1994-09-23,대구 사구 62길 56
f451ae05-0d4c-4495-8feb-953f955ed187,유세빈,남성,50,1973-08-01,광주 삼구 3길 21
66a987ae-a209-447f-913c-b7664eebab8d,홍세현,여성,56,1967-04-25,인천 이구 28길 59
eb323e01-82c4-4155-b622-4c6348d84fc1,홍서율,여성,14,2009-10-02,서울 삼구 87길 52
fbba2b13-d504-445e-8711-bd1542638bed,염미르,여성,48,1976-10-22,서울 이구 81길 39
5e1ff572-888c-4766-8349-de1bc69026af,조재경,여성,59,1964-04-11,부산 삼구 40길 85
a06b7524-9e95-4325-bb88-aa31dd271a8a,염석희,남성,59,1964-09-21,대구 사구 76길 41
d0d2624b-ab77-429a-a0fc-ea5a5bc27e83,조바다,여성,19,2005-12-20,부산 삼구 90길 50
440362fa-e589-4b5c-8919-bc20cba3c22c,장누리,남성,40,1983-01-16,광주 오구 80길 38
da2e20ff-e41c-478d-8702-af87d01cba33,서미루,남성,20,2003-05-28,광주 일구 100길 85
6eddbb49-3fe5-4886-9731-098ac3160778,서다빈,남성,42,1981-04-04,서울 삼구 83길 91
9d9d570a-6ce0-43a7-97b7-c553cfdb0c7d,윤규진,남성,20,2004-10-10,부산 일구 82길 10
b614577f-e76f-4809-8586-98470f9331cd,홍서우,여성,13,2010-08-25,대구 이구 45길 77
44f3283a-c886-4ef2-8434-39b2a9e814cf,강성희,여성,21,2002-09-07,인천 삼구 14길 71
66c3c6bb-3775-4d64-a2ba-420970bd20ad,염성화,남성,62,1962-10-17,광주 삼구 44길 22
4c4461dd-a3f8-4068-88c5-014431b99e61,강미셸,남성,25,1999-10-15,대구 사구 64길 59
5bbf1766-3a74-4a68-aa8d-f1d81d8c8d57,홍성민,여성,50,1973-01-16,광주 일구 6길 9
62a730a5-e0ff-4b78-afd5-57a8aff39b6e,박규민,남성,19,2004-04-23,인천 일구 83길 85
6e9267d8-6ab0-4cd1-a93b-20395ef898f8,이리안,여성,17,2006-07-04,부산 이구 27길 100
4acff2bd-7f32-422a-8a25-b2a0bf2cee04,서민수,남성,20,2003-03-14,대구 사구 94길 34
85699ebc-eaa4-435d-9642-8c60ade37d82,장경빈,남성,43,1980-10-01,부산 사구 38길 55
75750018-dca4-4aeb-8dc5-a38f9fd81d2f,서경연,여성,20,2004-10-18,부산 사구 17길 1
bd06cd4a-0864-456d-9116-b14783102958,강나오,여성,52,1971-07-11,대구 일구 54길 47
c289ce7a-c0d6-400e-b156-bdc971a43a18,신리안,남성,36,1988-11-16,대구 삼구 15길 84
a57ed4df-dee6-4e35-83db-9fa7ca8c3cd3,신다온,남성,59,1965-10-23,광주 삼구 96길 11
86b1e930-1ebd-45b3-bd8d-fea43559bd12,서보영,여성,27,1996-06-26,광주 삼구 15길 98
8e36e173-090e-4194-ab0c-fc6f408308b9,김두리,남성,57,1967-11-04,광주 사구 15길 49
cadc3883-2f51-4435-90d2-781c90047cbf,이민서,여성,39,1984-05-05,대구 일구 76길 72
b6729943-339d-41e5-a5cf-e1ed4c14cf88,박세영,남성,32,1991-03-10,대구 일구 44길 29
f5a44eff-578d-481d-b164-61b510f4de10,홍경진,남성,42,1982-12-20,부산 오구 47길 83
b564fd23-28e2-4ce9-8328-567bc0935d60,서보경,여성,54,1969-05-09,대구 이구 93길 59
dff5d90f-793d-4720-9d76-47a073cb6ff9,조미오,남성,38,1985-05-08,광주 오구 75길 40
a4450bfb-403e-45e7-88e9-b39724ee0ff0,홍경진,여성,35,1989-11-15,서울 삼구 71길 86
ff5b212b-07fd-43d2-8f7c-54da22b5597c,서시경,여성,15,2008-08-15,인천 일구 31길 74
e86932ae-ff8d-4956-bde2-ef21545562ad,윤솔민,여성,30,1993-09-06,서울 일구 79길 80
c5a98863-7786-474a-91b9-c64f9cf3a48c,염유진,남성,13,2010-04-25,서울 일구 22길 46
030f8a7b-4317-4d94-839f-f4e9b7f58719,강주연,여성,41,1982-07-04,인천 오구 74길 41
cdc0fc65-4394-4287-82ea-59e9e15de15a,윤보영,여성,23,2000-07-03,서울 삼구 12길 91
cfa7cfce-f63b-46a2-9473-86de948e26d0,서성지,여성,24,1999-08-18,대구 사구 51길 84
802f8cff-ccf4-4f31-8b41-91c2f11334d4,최경연,여성,32,1991-05-23,인천 오구 90길 86
7ad482a5-a09c-4b55-af62-54d0fc720685,신수민,여성,41,1982-01-26,부산 사구 4길 50
3ada445b-8dd6-4606-a8d8-4534ccee23d0,이다빈,여성,22,2001-09-11,부산 삼구 87길 47
ec767014-5571-4989-9f90-b8cc326a6dd7,유세진,여성,50,1974-10-27,부산 일구 3길 35
035a7205-a5e8-4870-8a0b-1e35cd191fd2,박성주,여성,46,1977-06-05,인천 일구 5길 77
0ee9c4f7-c71c-4e04-bee2-c55cdd18a067,박성지,여성,48,1975-02-12,광주 사구 100길 22
bdd1a7e7-40fe-4083-a06d-209494dd723e,최규람,여성,55,1968-01-22,부산 일구 40길 44
f1f7e39f-c032-43ca-b905-7ae88b5eff1c,염경주,여성,57,1966-03-07,서울 이구 34길 87
79f5cb9c-e802-4afd-9d18-4bf57827ffe5,윤로운,여성,54,1970-10-07,부산 삼구 82길 62
eccb261b-648b-48f4-8176-806308aa2273,박강은,여성,53,1970-05-07,서울 이구 55길 65
860df96f-f0ae-4411-b701-ebf0297be37f,서다원,여성,50,1974-12-01,광주 오구 34길 7
4308556b-4b68-403b-baf6-41d35960eac8,서경연,여성,53,1971-12-15,부산 사구 32길 87
ecdf31bc-5dc3-4b8a-8b5a-1990d6b2a24d,신솔민,여성,30,1994-11-24,서울 오구 26길 98
dbf14a02-900f-4a8d-b8dd-f546ff373e7e,유규민,여성,49,1974-04-04,인천 삼구 98길 25
97fe596d-1950-4704-817c-7b3394630536,이가우,남성,61,1962-01-15,대구 사구 54길 28
47ad5715-5f7c-4d57-b6c0-ad738cd97e45,서수빈,남성,37,1986-03-04,인천 오구 91길 39
b20d301d-39b4-4b55-b146-80716907d5a9,장근출,여성,60,1963-02-01,광주 이구 31길 68
bac7e62c-3256-46a4-9ee6-011c648735a6,최재경,남성,32,1991-03-16,인천 사구 59길 40
a9db9e8a-3ab0-4749-a89e-631355daea0c,박세윤,여성,55,1968-03-02,부산 사구 58길 83
d9a4b31a-5cc3-4c72-a28b-085b0b1561db,박금선,여성,15,2008-04-03,광주 삼구 33길 37
231a2bfe-195b-404e-90ef-db3e7ddfa787,염라온,여성,61,1962-03-15,광주 이구 26길 83
9f45715b-2fc0-4312-8411-aeca6e9cbe46,조규람,남성,34,1989-03-27,부산 오구 18길 40
71f39a08-50a6-48fa-bd44-2ce5ccc605c0,윤보영,여성,63,1961-10-26,대구 이구 18길 11
aa2a8e11-10e4-4283-a0bd-979fe8fd6350,조성지,여성,41,1982-08-04,인천 사구 29길 63
57d4ad36-cdc5-4f6d-9e10-d7f4c433e287,장다율,남성,45,1978-07-07,서울 오구 48길 53
0bd1ae93-aa44-4b6c-85c0-c4f45c10288c,박규연,남성,61,1963-10-16,대구 일구 53길 5
c3b56864-63cf-47a4-9687-677919a62287,윤다온,여성,20,2003-02-27,인천 이구 92길 34
6e4b3c6b-c6db-45ca-a71a-b966adb87bc0,조누리,여성,18,2005-09-24,부산 사구 12길 17
0dc3c05e-d23d-40a6-bdd8-c8259c6b6cc3,장서원,남성,59,1964-01-25,부산 사구 12길 78
672ad72b-d417-4521-b268-7f881ab80b9b,윤도연,여성,48,1975-06-23,부산 삼구 35길 2
38020ec0-3140-4e2d-80d5-39f113a414be,장경원,남성,34,1989-03-02,서울 이구 27길 89
76be29c9-8b43-41ad-8bd8-9b70874c6c22,최미르,여성,36,1987-02-12,부산 삼구 64길 54
94aeccf4-e6ca-4d03-93da-33a332f2e665,최보영,여성,56,1968-12-28,광주 일구 25길 14
868c5715-e6c3-49dc-b0cf-ad755e970e6c,강리안,남성,27,1996-04-17,부산 오구 99길 88
ef2dfa71-a668-4108-bad1-85531bca881e,염가을,남성,62,1961-05-10,부산 오구 8길 73
dc96dacf-15b2-4a2c-991e-7ae7040f9aa0,홍솔민,남성,48,1975-03-18,대구 삼구 7길 31
577cd8b2-1027-4121-ad30-b69534c78005,홍성지,남성,36,1987-06-17,서울 이구 2길 22
7403cfda-8ef7-474c-b2fd-839b9f204b92,최노을,여성,17,2006-07-05,광주 오구 34길 50
9369ab87-5a87-47f0-9a30-0cbb46656886,조두리,남성,50,1974-10-14,서울 이구 49길 32
9893a58c-46f3-470c-ac1e-122a1a148cc5,신규인,여성,52,1971-01-18,부산 이구 78길 14
da177fa4-e9a7-4a0f-a710-ada3846eff65,강로운,남성,63,1960-08-13,광주 삼구 51길 52
e48389a0-fffd-4a13-9607-6da6bbaf5026,염규람,여성,57,1966-05-10,광주 삼구 64길 1
39c44ab7-fcf9-418e-867f-6cce894ac664,서서원,여성,52,1971-07-26,부산 이구 35길 1
5fc50591-1778-47e9-be9d-1a8fda660296,조서우,남성,61,1962-02-20,부산 사구 16길 3
8b019ff7-f630-4ec6-ad73-b95dab76298b,강규진,남성,61,1963-12-26,대구 이구 16길 99
773cce24-3a03-4292-bab6-b7c5c9790ea3,윤에밀리,여성,33,1990-03-12,부산 삼구 60길 68
7f130180-fc56-4efb-9ada-f03e5aaa353a,강선우,여성,17,2006-07-06,부산 사구 44길 32
e1bb25c0-24b6-44b5-b12e-c9611e69d1be,유가을,여성,15,2008-01-07,서울 이구 50길 30
97ed04bf-51a7-4845-86f2-28223e631ba7,윤서빈,여성,14,2009-09-28,부산 사구 99길 13
f0104f48-035a-41ec-ab5b-9f6b331a7b7d,유규람,여성,46,1977-04-14,인천 오구 89길 32
23209f87-f26c-4ed6-b863-231dc1b94dc1,서다현,남성,32,1992-10-20,부산 이구 1길 9
3ebb9147-3da9-4cd0-952e-23ce4c652c7d,홍규인,여성,45,1979-11-26,광주 삼구 2길 72
5c574f4d-579a-4957-a1fb-890991e8fc42,유성지,여성,42,1982-10-23,인천 사구 68길 21
c417cca0-0857-4331-96c3-d31601344c19,박금선,남성,60,1963-09-28,부산 사구 98길 28
2054bb96-340c-4c13-bf62-9460ad1086e9,조성원,남성,44,1979-01-17,인천 사구 6길 40
414f0e23-341e-41e9-b6ee-4c0b72acccc7,이미준,남성,58,1965-01-23,인천 일구 60길 64
437f5521-6191-463a-8e7f-d2bcc030dcd2,장근출,남성,16,2007-09-22,서울 이구 95길 23
f4a0d45c-f5b1-4aa6-a901-2f0e679264d4,윤서원,남성,31,1992-03-23,서울 이구 62길 89
b919c7e3-b662-48ec-9eda-4af319ac1acc,박도연,여성,57,1967-12-23,서울 일구 59길 9
8db946c2-e721-4875-984c-951756ae874d,윤솔민,남성,30,1993-08-27,인천 오구 20길 43
303047b6-64b5-4105-8e84-0d5c062a1744,홍기은,남성,22,2002-11-03,부산 일구 16길 37
8cb5988f-246a-4911-966d-15032db2e1d8,윤도영,여성,33,1990-01-16,인천 사구 23길 20
b017b8db-f561-4b15-b6bb-b35ae4e6a213,최서원,남성,38,1985-03-18,대구 이구 22길 72
f9cb8583-dfea-4319-9b83-971d8cf4bdd9,장성원,여성,17,2006-09-20,부산 일구 49길 100
28f6b08b-d171-4fbb-b3a7-599099e38ba7,홍성지,남성,51,1973-10-08,부산 일구 71길 93
06c0c1ad-eb3a-4551-9123-25b2e9bb4af4,최미오,남성,60,1963-06-08,부산 사구 12길 3
e514dbc9-c1b2-47ab-8f6e-bec76eb7dd29,김수빈,여성,15,2008-03-09,대구 이구 78길 24
431a0ded-ed0b-44ed-a797-4b60e0cb7f46,박미루,여성,33,1990-09-27,대구 오구 44길 13
8e1afd61-6e38-471d-9a7d-f93c5f434a9e,조도영,여성,53,1970-08-07,광주 일구 85길 70
2fa9974a-2efe-4471-8052-afb149b00933,장연재,남성,40,1983-02-23,대구 오구 11길 54
212e1cdb-4402-4ee0-94c2-6ee5dcd8e38e,조다운,여성,57,1966-04-23,광주 삼구 69길 55
ff328123-470e-4a56-a58a-7dd6ab5d0325,서경연,남성,15,2008-07-13,대구 일구 90길 81
ed579134-e915-4ce2-acb3-24d469d9196d,장도연,남성,46,1977-07-05,인천 삼구 62길 53
f244f571-1aaa-4d50-88a0-6f31c212cc9d,장연수,여성,50,1973-08-05,인천 오구 35길 17
4eb5efcf-e732-4522-ac89-41eb64bc6979,홍민수,여성,18,2005-03-22,서울 사구 68길 83
2abb926a-1005-4609-9607-241dbf46fe46,이로운,남성,61,1962-09-03,대구 이구 73길 83
5f2dcd2f-047b-483e-99d6-b2366e368812,최미루,남성,27,1997-10-21,부산 일구 48길 61
6d7dbf9f-68ea-49e3-a69a-1e520a00cdbf,이나오,남성,20,2003-04-16,광주 이구 24길 48
dd0abd25-f4ca-48d6-abf9-83108f3728d0,신도영,남성,58,1965-05-25,부산 일구 19길 35
e9da6bbe-53c6-416d-b645-4867151ee8db,유가온,여성,43,1980-08-06,대구 사구 72길 14
898ac803-4f0f-417c-89ef-59c74cd2de92,신루다,여성,20,2003-03-25,서울 사구 71길 72
617fbbfe-35b9-4d51-82d9-9a912a102f70,조성지,여성,24,2000-10-14,부산 사구 74길 89
0fd87642-162d-4883-8cbd-951fce27a16e,이성주,남성,23,2000-07-10,광주 사구 31길 1
c546247b-9ea2-4eb8-8583-2f2275edf4f5,김보영,여성,14,2009-01-03,부산 삼구 30길 52
5c48d652-a137-45f8-8a94-9d593ae68682,강서원,남성,58,1965-09-10,인천 이구 37길 21
71ff49ea-23d2-485e-9d6b-86ef06236ce7,강보영,남성,26,1997-01-03,대구 일구 4길 38
8c690269-eb6a-4410-80ff-58fa39c9ea78,조성원,여성,16,2008-10-04,서울 오구 7길 8
610bf0e5-b9a5-47e0-adea-beaf4ac6ae29,홍성희,남성,52,1971-05-09,부산 삼구 23길 53
7e464e98-9086-4ea3-b19c-159e30d6f79e,유규연,여성,14,2009-03-19,부산 삼구 18길 68
78a5700a-3ea2-4034-a0cf-444dcd9df83c,김민수,여성,22,2001-03-09,서울 사구 54길 89
efaf990b-edbd-4694-9eb0-80a22a4e048e,강라온,남성,53,1970-05-16,광주 삼구 95길 43
96146015-ef69-4a32-ab3d-786b3154a5d9,홍연수,여성,45,1978-02-03,부산 삼구 96길 48
8d6d0acc-edca-412b-bced-97003250a4cd,조성화,여성,14,2009-06-10,대구 삼구 60길 52
d2999cb4-665e-4474-b711-ff4cb81e54b5,염민서,남성,18,2005-09-16,서울 일구 78길 43
55a8559c-292d-4682-8550-1d77b2480090,박경빈,여성,13,2010-08-15,대구 사구 8길 65
c9f38f7b-26a2-49e0-888e-08e4b8b57cec,장서빈,여성,36,1988-10-14,서울 이구 31길 52
74c20a47-4bd0-447c-8185-b08ffa5f24e0,강다현,남성,20,2004-11-04,서울 이구 68길 58
ad6baa75-7262-4e0a-94d3-d4fbf91a1e13,박민주,여성,13,2010-09-05,대구 삼구 86길 82
ec0d5803-c909-482d-b8ae-865d67ccfae6,장규민,여성,53,1970-02-10,서울 사구 3길 27
d2156dd0-fde4-4a92-8c10-8955e4c81c35,서올리비아,여성,29,1994-02-25,광주 삼구 92길 70
62dbc3a7-9719-4e08-9fbf-13d43d303aa6,조민재,남성,60,1963-05-09,광주 이구 7길 31
9cccf444-5c8f-4900-9b29-e278d7d221d0,홍가을,남성,39,1984-08-02,서울 오구 37길 29
7f1d163a-e938-4b8f-b007-d1e2e2b267f9,최다율,남성,45,1978-07-06,부산 일구 94길 16
41293be8-65cd-408f-b787-fc531d4d8f5a,유금선,남성,16,2007-06-26,대구 사구 74길 59
c8de26a7-b7f4-48c5-a542-31797ecd81b8,조선진,남성,17,2006-03-05,대구 일구 71길 23
a3b545fc-c3ee-4cee-89c1-c316ee5c4ba0,박믿음,남성,53,1970-09-02,광주 이구 59길 83
a3500ad7-6b71-4c62-addf-0d90dc40e479,신규원,여성,44,1979-03-14,인천 사구 20길 7
5ddf6bd2-f486-4637-9c6e-809071dfb4f4,신세빈,남성,51,1973-12-11,광주 사구 87길 86
22ef7b33-e323-4544-8eb2-2fe4813cdb21,염상희,남성,17,2006-06-21,서울 사구 45길 28
3449a799-5b97-4724-85e6-7d2bea875fe9,조에밀리,여성,39,1984-06-07,광주 일구 89길 91
eb45f2ff-a602-4315-8615-42d4e21bd847,최다원,남성,18,2005-04-21,대구 이구 16길 61
06e7e08a-fbf0-497b-b29d-c90e5037456c,서성은,남성,25,1998-05-07,광주 삼구 99길 85
ac38b6f7-b3fb-406f-a38c-f7edda9a3cb9,신성희,여성,21,2003-10-25,인천 오구 39길 34
42681cb9-d98a-4aed-99fa-c4066e7d294f,신유진,남성,23,2000-05-24,부산 오구 75길 82
faccf888-9abe-477d-89a9-20adb296adf5,김나오,여성,61,1962-01-27,서울 사구 88길 56
0a54fdaa-1431-40b2-8160-8d688807dad5,염루다,남성,17,2006-10-01,인천 이구 95길 32
b92b763e-e880-47e2-b6d5-3e274f290c62,조유진,남성,55,1968-04-06,광주 오구 87길 88
229f1e37-dd44-4009-b6c2-bd8b0c99c4de,최규인,여성,23,2000-06-03,광주 일구 87길 11
dec95080-9736-4532-b79e-10f1709d5aac,박민재,남성,54,1969-03-08,대구 삼구 27길 46
0d46259e-7f23-4d35-9fd0-69bd22967227,장성주,남성,43,1980-06-16,광주 삼구 33길 47
c1a9557e-c60c-49f4-9a78-1eefa4a1abc3,박서율,남성,30,1993-08-04,서울 사구 31길 48
887abe5a-4508-4211-a339-1568b19fd21a,조세진,남성,42,1981-05-07,대구 이구 42길 78
86e780a5-12c9-4923-8712-7b6937ddd0f5,서다원,여성,43,1980-04-23,광주 일구 60길 24
5a074d52-23dd-413d-8800-82535f6dd54f,장다운,남성,36,1987-04-25,인천 오구 54길 13
63313108-85d3-46a4-915a-84593a85906c,염성원,여성,24,1999-04-20,부산 사구 44길 39
6df8008b-7975-442e-bc44-0a60bcdec37f,서성연,남성,23,2001-11-25,광주 오구 95길 60
0af5091c-b021-4ca3-a23f-0f5d14c35158,윤경민,여성,19,2005-11-11,인천 삼구 39길 98
17fdfd10-c8fc-4c35-813a-e41bbad37204,신노아,남성,49,1974-05-17,대구 오구 51길 92
c341c1f3-41a9-4433-99ad-ae9f76a07e63,김세원,남성,32,1991-06-02,광주 사구 2길 60
6b1db591-a870-4c2c-95f0-ea350d9b98f3,강겨레,남성,39,1984-06-12,서울 일구 78길 77
59c8a999-74a3-4467-8920-06642c6169da,김기연,남성,53,1971-12-19,서울 이구 69길 32
8233c723-c5bb-4a8d-a50b-071acec93c0e,최윌리엄,여성,62,1962-11-27,대구 이구 46길 50
f9101d80-d228-4aed-a668-0d74979bbd71,장사이,남성,28,1995-02-07,서울 일구 8길 4
3ce45a52-bfc7-4923-9392-edcaf6aeb572,서믿음,남성,19,2004-08-15,인천 일구 76길 27
5696971a-73e4-48d3-aa9b-4e6c0b7e583b,신가을,남성,25,1998-06-01,서울 사구 37길 61
84cfcffc-5bac-4495-8ea9-30160cbecb09,유성원,남성,44,1979-04-22,광주 사구 45길 31
9163d7ca-7b4e-462f-a98b-290b0229a9f5,유겨울,여성,47,1976-01-27,부산 오구 42길 6
229bc85e-b03d-4b77-927e-ad03f926ca54,홍가우,남성,41,1983-12-18,광주 오구 83길 62
619f972f-361f-4048-97b4-59599168ab32,유가온,여성,33,1991-10-20,인천 일구 25길 3
cbacea36-f8a9-44d8-8fa2-532e9b38e06d,이보영,여성,43,1981-10-18,인천 일구 34길 41
6e00689a-35e4-4880-bea8-e309b7667878,장민영,여성,21,2002-07-09,인천 사구 50길 6
74de7a03-0cf7-4cea-8f82-9e276b4ef2dd,강민재,여성,17,2006-06-10,대구 이구 37길 59
b2f73777-740b-4c1e-920b-b42c61e0ed9b,강성지,남성,59,1964-04-22,서울 일구 79길 88
b90879b9-bd0c-494d-8aaf-c7e4e9d97591,윤가온,여성,39,1984-04-16,서울 이구 47길 81
ba091880-8b2c-45f4-a939-1c196334a0ab,유민서,여성,33,1990-09-11,대구 이구 23길 24
0cb91a27-b045-4f3c-9622-1a352a973d3e,조두리,남성,48,1975-06-22,부산 삼구 5길 12
a8915396-dc54-4cf5-bc18-1bb40217052c,이보영,남성,34,1989-02-09,서울 삼구 23길 8
3c9abacd-6743-4b8a-a026-3ce6d27420b5,박민재,여성,57,1967-11-21,서울 삼구 98길 11
804fdea0-acb3-438c-b47d-6f0f2b79b335,서경연,남성,17,2006-04-01,서울 일구 38길 67
e9b930ff-31b9-4748-9e09-b04edc42a942,홍다민,남성,42,1981-09-15,서울 오구 93길 66
3bc29ab7-fb0f-4880-94e4-b16dad2f97fe,서경빈,남성,41,1983-12-11,서울 사구 94길 87
9b1ff26c-ec85-4b5a-85eb-c9f7cc5e0c5b,강노을,여성,23,2001-11-04,서울 일구 14길 86
f134f5eb-b3b2-4999-ab41-8ec02b4450e6,윤경윤,여성,38,1985-02-06,인천 오구 19길 79
fc4b2847-8bba-40e7-973e-d7ce6e890cda,신다율,여성,37,1986-01-14,광주 이구 79길 62
3a24eabd-ec42-4446-a3f5-b4c3bf7a223e,조규진,여성,35,1989-12-22,대구 이구 44길 18
c932714f-f883-486b-af91-6f60b92097c3,홍경빈,남성,45,1978-08-22,부산 오구 34길 68
60d6f47d-40ee-44b2-b912-cb261bcdd246,유라온,남성,14,2010-10-04,대구 사구 4길 18
9c5456cc-8e44-4d67-8f13-89e2275089a3,염규람,여성,44,1980-12-08,광주 오구 87길 1
026d98f7-88fe-4a6a-a772-541943652405,최규인,남성,25,1999-11-10,광주 일구 17길 8
8d021865-45b9-4dcf-8e99-0a15fb29d884,장성화,여성,53,1971-12-07,인천 삼구 6길 91
18ef9f20-bb61-4e46-afe9-0c91ef683feb,박믿음,남성,61,1962-08-02,광주 일구 73길 25
94e9cd8b-86bc-414d-8ec5-9fa4f1d6e0d9,박윌리엄,여성,36,1988-10-16,부산 삼구 43길 11
9f280eb4-fa01-408c-96ca-e20d3e15b314,유석희,여성,18,2005-07-03,광주 일구 16길 46
1e44b068-ad1f-401f-abb9-39c591f92f47,서미르,여성,46,1977-02-16,인천 오구 31길 46
d3884c1e-1dca-4fba-a890-0316288ac0eb,신다율,남성,51,1972-07-18,인천 이구 9길 93
dbaa5429-40d6-460e-88b1-81a478812f2d,유미셸,여성,34,1990-12-13,광주 오구 51길 77
890bd483-d49e-4388-b2cf-0e379bac26bc,장선진,남성,15,2009-12-04,대구 이구 91길 32
b635753d-003d-4d7d-a5c9-5169b352363b,유서현,여성,42,1981-05-16,부산 오구 60길 83
c286252d-c108-46bb-93cc-5542d968b778,염규연,남성,36,1987-03-07,인천 이구 75길 88
460342c2-2b67-4336-af2c-60c2e1db5984,이은재,여성,32,1991-06-01,광주 이구 26길 24
ca50bd85-5cdb-4e1c-9c78-d7eff2b26e9a,조수민,여성,60,1964-12-07,대구 일구 30길 14
13daf444-0500-461e-9ec7-013ef00e39a2,유규연,남성,27,1996-07-18,인천 사구 89길 8
9dc2f32e-c9b9-4235-a8e5-b30fa15a44eb,조가람,남성,43,1981-12-23,부산 사구 41길 73
5c2cd656-8d47-4b11-bbce-be07cd2d8f26,박서진,여성,43,1980-01-19,서울 사구 71길 92
e6e0721b-ecc8-4e66-b1e0-261f99cb836e,강규원,남성,17,2006-07-21,부산 사구 86길 31
3e054fdd-8937-49d9-a3d4-df8ba659c615,서수빈,여성,38,1986-12-28,대구 일구 58길 68
c84a13be-7786-4a74-8348-827265c71dcd,조미셸,남성,15,2008-08-24,대구 오구 39길 48
923b3378-5bab-45f3-a6d4-7730f1b3628e,박선우,여성,30,1993-04-26,서울 일구 12길 61
4e9724db-d78d-49ec-9035-c18dca8b0fef,장리안,여성,19,2004-05-05,서울 사구 50길 73
a2c2e090-3a6a-4c33-bb15-5dbed13200f1,김서현,여성,45,1978-08-24,서울 삼구 14길 99
75926a6c-ef71-42b8-8765-5228a7109909,최석희,남성,42,1981-08-02,서울 사구 93길 44
d002a44f-e63a-46f3-a622-13e33b3c58e0,최시경,남성,51,1972-04-19,부산 이구 43길 9
944318f7-4cb9-453b-b973-a7eae139e441,염로운,남성,50,1973-02-06,대구 오구 34길 22
6b15188e-1405-4f4e-85ce-7a19c2a93cee,박루다,남성,57,1967-11-15,대구 오구 94길 64
a6d1e309-f10b-456d-a2f2-fd4151ee3d0c,서강은,남성,38,1986-10-13,대구 오구 50길 17
9e96019f-9a12-4048-a14a-ea094e7fe187,이라온,남성,43,1980-05-27,인천 삼구 16길 48
4cf2703c-fbea-417a-a02f-97a3f133b909,강다원,남성,19,2004-07-10,부산 삼구 40길 19
58d45927-98a0-43e4-8683-8ac00d1af030,염성희,여성,31,1992-04-10,대구 삼구 49길 15
f6eebf04-f156-4016-b7c7-2a7a9107b505,윤은재,남성,42,1981-06-11,서울 이구 85길 18
f3664764-97ff-42ed-8c28-bcbaa05481c1,김미르,여성,41,1982-01-26,광주 일구 61길 65
26b99ba9-e91a-4649-b935-95bc67d957d1,강경원,남성,17,2006-04-21,인천 이구 78길 77
a4654b4e-0425-43d3-a32c-6c9c3e336c88,강도연,여성,16,2008-12-20,인천 사구 23길 19
7f118113-d35c-4c9a-a5c8-47ec876e7c2d,조미오,남성,17,2006-03-05,인천 이구 83길 30
bfd5d5e1-e488-4005-92e9-8562d2598f34,유세영,여성,32,1991-01-13,인천 사구 29길 50
e54e8783-0416-44c2-8c42-b960312544a9,이기영,남성,56,1968-12-13,부산 사구 14길 4
ef8dd1a1-3892-4fce-88f6-8254ded2f7ef,서두리,남성,35,1988-07-18,인천 일구 30길 79
5880d522-fddb-4954-b9fd-d97cdfbdcaf4,신유진,여성,39,1985-11-23,광주 사구 8길 98
a94b77fa-91dd-4fea-82c8-7fd9eca2f085,김유진,여성,32,1991-06-06,대구 사구 71길 69
23122222-6fca-4a14-bc8d-e213fc15e72a,최노을,남성,22,2001-01-25,서울 삼구 47길 43
74cbaf85-c7d1-4bc7-bde5-5269ed49bfcd,염성희,여성,62,1961-02-10,인천 오구 69길 44
218d4d40-b032-47df-986a-9c07f56a112b,이가우,남성,47,1976-07-26,광주 이구 9길 83
7f4b6aba-9d98-451e-88af-c5dc06aec7ca,조시경,여성,42,1981-09-01,대구 오구 78길 43
543dfa84-f5df-43ca-b00d-71012484dfba,김규빈,남성,13,2010-06-11,인천 일구 91길 48
90805d61-2c4e-4135-a4cf-d26ebfe2d99a,조미루,여성,36,1987-05-15,광주 삼구 68길 23
c3c0f4b8-cb25-40df-bb90-7180fefd62e8,최올리비아,남성,18,2005-06-01,부산 삼구 69길 48
1abdf7ec-9dd2-477a-9710-ab1c78a5e03d,최시언,여성,29,1994-02-11,광주 이구 64길 36
05c3d52c-67bb-42d2-a0d0-2c627b26ef53,홍노을,여성,40,1984-12-16,인천 삼구 64길 52
82b7d6e0-a3c3-4955-80e1-ce5d0938ccc8,김나오,여성,62,1961-10-02,대구 사구 96길 22
0bdc5dd7-ef1b-4cd5-8065-8b8bec14d62e,윤상은,남성,36,1987-08-21,대구 일구 13길 100
0eddfd1b-a3a1-48d0-bb7d-ef98398cb366,윤성경,여성,45,1979-12-01,부산 오구 58길 27
2794c576-48e4-44c6-85f9-f5dbff0d0c6f,홍규람,여성,13,2010-03-04,서울 일구 51길 69
b4c3ad0d-2a5c-4628-a993-847df193a174,강민영,여성,48,1975-04-22,대구 이구 48길 19
91ea29c3-17a8-4abd-95d1-1e7716fcc4fd,유라온,여성,38,1986-10-20,인천 이구 28길 57
ee5fcfeb-8538-4c7e-858b-c362e2c7a661,서다온,여성,59,1964-06-26,부산 이구 38길 51
c6c9e066-402e-4ca2-a0e2-6084590af356,박상희,여성,13,2010-08-24,서울 오구 36길 74
8ac8796c-cecd-44f9-8ae7-b63fde713a7d,강세영,남성,46,1977-03-03,인천 이구 97길 63
48fd8d0f-7e01-49f9-99c0-92311ff2b97a,홍겨울,남성,32,1991-04-17,광주 이구 8길 97
27fda89b-ec13-44d8-b59d-4d721b841681,염성지,여성,63,1960-05-13,부산 일구 2길 56
d25d4f8a-6f62-45bf-80bc-2ffc89f2b3f0,홍서우,여성,31,1992-09-16,부산 일구 38길 72
379b6526-99d6-4012-996b-9a2d5dd5a603,최금선,여성,55,1968-06-17,부산 일구 16길 62
f1ae1e71-b051-4d31-80df-1f8a004cc011,홍도영,남성,17,2006-05-12,대구 일구 15길 100
7d48b453-6a52-4bd1-8e08-88b7fa4758e0,조명진,남성,59,1964-06-21,부산 이구 73길 38
b9d298ed-f64d-434e-aa4b-3e3b162d3bae,이도영,여성,29,1994-03-08,부산 삼구 10길 62
fe95f7ef-43a8-4a66-8fd6-6a4d0a2cafb4,유성희,남성,36,1987-04-25,광주 삼구 70길 58
16ee0ab6-8baa-4bdc-88aa-e48df02ff732,서경주,여성,31,1992-07-01,대구 삼구 38길 81
91c11a63-373b-4029-b90d-68937802a01a,신솔민,남성,39,1984-01-09,대구 사구 9길 100
297a75ac-fe0d-4baa-8476-c393ded3d84e,박민주,여성,31,1992-04-23,광주 삼구 38길 4
2ef1c340-56f1-49b7-9f50-c7bf11fb8f9f,김근출,남성,57,1966-05-15,대구 일구 49길 23
058cdb6b-335b-488d-bff1-54386bd0f64c,홍사이,남성,13,2010-09-16,부산 사구 33길 47
92a943ae-a46d-4ddb-b3ad-e4b54dfa9983,신겨레,남성,20,2003-07-19,서울 삼구 21길 87
02705724-89f7-43ac-8abe-28d6e8a79293,조시경,여성,30,1993-06-02,인천 오구 77길 61
8e831368-5ee9-4dc2-bc71-04e15bdc7931,이기연,여성,20,2003-04-14,대구 오구 87길 45
da36db86-8ce4-4323-bfef-2481211db3f1,이성지,여성,55,1968-06-01,대구 오구 28길 79
0627c33f-854c-47f2-9102-bf041fdfd5f5,최선우,여성,49,1974-01-28,서울 오구 26길 97
433f63da-5d71-46ef-8013-06090eac7f3a,장믿음,남성,56,1968-10-18,광주 오구 3길 14
2063d339-eef5-4b8c-99d4-54aeea1bdf3c,홍규인,여성,63,1960-05-03,인천 일구 15길 95
b20a8a1a-6b87-4af1-929c-8949511df9dd,홍경원,남성,59,1964-07-20,부산 이구 5길 58
e8705c0c-7434-4807-89ce-f39945357df3,최경원,남성,59,1964-08-22,서울 삼구 15길 13
59d80523-8c70-4a2c-9822-8b6f822a302f,조세원,여성,40,1983-03-24,부산 오구 60길 94
fe3b8ca5-6e7e-4352-bcbb-e32009766269,유기영,여성,43,1980-09-11,인천 이구 35길 30
d745e722-23ec-4a40-85ac-0f9feebfd99f,최가람,여성,21,2002-02-04,부산 이구 66길 36
977e2d30-786e-44cd-bb70-4aace725c31f,강서원,남성,50,1973-01-20,광주 삼구 57길 24
6655ce44-2da3-472a-ac08-257b458ae7f2,김성지,남성,32,1992-10-10,부산 이구 88길 85
224a8bc0-e27c-4158-a084-adb79eb3cb6f,유서진,여성,53,1970-07-12,인천 일구 10길 85
8ed38c72-e022-453f-a60e-1f9837e27514,서주연,여성,61,1962-05-10,부산 사구 61길 3
fdcbab99-2da2-4a67-92a4-07625fa7a6c8,최사이,남성,36,1988-12-19,광주 오구 15길 68
c4dbdb51-df52-4d61-99d3-df9e8ff5509a,유민수,여성,42,1981-04-20,부산 삼구 39길 87
5f6fccaf-81bd-48fc-a0cc-87b880aedc6c,강연재,남성,59,1964-09-28,서울 오구 20길 80
c4e8d080-6059-4744-810c-fb0e36092314,김규은,남성,39,1984-01-09,부산 이구 18길 66
ad43e85a-aa87-4459-ad28-569fa77ac1de,이금선,남성,23,2000-09-10,부산 오구 85길 99
5d92c675-3681-40c4-bf31-a1cbeab7b870,김성희,남성,61,1962-09-16,서울 이구 8길 41
6f3bf3a1-5d98-4a23-813f-c6d7ab1ae520,신다민,여성,29,1995-11-14,인천 사구 70길 28
a28db2ca-1a7d-4629-ba6f-52a93e74be46,조은재,여성,16,2007-01-09,대구 삼구 50길 57
1336972d-f3c5-43eb-ac21-82d7d891fc27,조서율,남성,59,1965-11-07,대구 오구 47길 43
afa9f931-9fa8-4cac-bc5b-4681adb986bb,조미준,여성,18,2005-06-25,부산 이구 11길 8
964154dc-6205-4345-8f5d-1e04859376a2,조주연,여성,22,2002-11-12,대구 오구 100길 86
c9167f09-3d64-46e0-9a83-4bfc0d7f77cc,조성주,여성,62,1961-06-11,서울 오구 11길 7
6196fb97-4b94-47ac-8102-53b7f5028f7d,강민재,남성,13,2010-08-23,광주 오구 32길 54
48adb09e-ea24-4cb8-ac06-2cea8a852085,강누리,여성,50,1973-07-23,광주 삼구 44길 84
813a9680-6506-4d16-a9d1-61e56ad5f1ee,박경연,여성,43,1980-05-21,서울 사구 19길 2
5fb32517-9542-4388-8367-c5f806edde68,유로운,여성,29,1994-09-22,서울 사구 13길 92
f1224a73-ba8c-4b0c-88e9-90354eddeed1,유시경,남성,59,1964-05-11,인천 삼구 50길 55
e4eac8b8-8666-459b-aaf5-df2875bde8d1,유두리,여성,14,2009-07-06,광주 이구 71길 7
733cdb19-4a61-45f9-882f-bc7c3479c47c,홍도영,남성,52,1972-10-10,서울 이구 12길 42
9c1a31f6-d907-49b3-8fb7-1c39a4acc798,유미오,남성,34,1989-05-22,서울 이구 36길 39
980f7dd5-963e-4a62-9738-26b54f1396b8,염규연,여성,28,1996-10-24,대구 일구 93길 94
fee656d6-5242-4d6c-ae6c-f5bbc84b02a4,서에밀리,여성,31,1993-12-12,대구 오구 21길 36
4563eb6f-497b-4582-964e-a73bb5e3e5ae,유겨울,여성,19,2004-04-20,인천 이구 76길 53
29123aac-f422-46ec-94e4-a9bed153a46f,신서빈,남성,29,1995-10-16,광주 이구 100길 68
93779d2d-4c27-4168-bd1a-e802aea52352,이은재,여성,19,2004-02-23,광주 삼구 17길 73
f1da3fd8-ab25-4343-89d9-a3b441a0ca09,조마음,여성,18,2005-10-01,부산 오구 22길 46
33143b2c-4530-4121-bad0-b3e20c2619d9,신연재,여성,20,2004-11-19,광주 삼구 44길 56
a6635ac9-7659-493f-8247-e7380278623a,김기은,여성,20,2003-09-28,부산 일구 74길 60
a9b90e43-f48e-45b2-9588-e5dce3afbf65,유규람,여성,42,1981-04-04,대구 오구 66길 74
bf992c11-8db2-4349-b31d-19fa509e105f,조바다,여성,60,1963-06-10,서울 이구 99길 46
558395cb-3ca5-43e9-b93d-55f6945bbfa6,최상은,남성,28,1995-09-08,부산 사구 96길 15
10bc3fd6-8942-4a22-82e7-72cbe5f22bfd,조경빈,남성,29,1994-09-06,인천 사구 14길 55
0b5f6fbc-4dd9-4e3a-9fa2-c8432b4b5381,신강은,남성,25,1998-08-20,인천 일구 77길 61
f544edde-66aa-45d9-a2fb-7f9baff9dd6a,최세원,여성,34,1989-09-10,인천 사구 65길 52
fc7b8228-4ee8-41f4-ada1-86ad1064467a,이상은,남성,48,1975-05-28,부산 오구 54길 21
be9d2efe-72f4-4fb8-84b9-986ad9c9f12c,신성희,여성,52,1972-11-08,광주 오구 81길 10
c755e070-c48b-4958-80aa-6efe1af27902,이연재,남성,57,1967-10-05,대구 일구 10길 17
46dcddb0-f052-43e8-a80d-f6d574d2ed40,김노을,여성,42,1981-07-02,인천 오구 46길 51
fbe651e4-b21e-45ae-968e-7f1b50b7838a,조라온,남성,53,1970-09-24,광주 일구 88길 89
1446213a-c724-4730-b56d-0dd71fc2bb23,신미셸,여성,42,1981-04-25,광주 사구 33길 60
c07142da-0182-403e-b57f-215b9ff93b29,장석희,여성,30,1993-03-21,광주 삼구 13길 38
469aca98-d34e-4982-97b8-5e46a4586936,윤가온,여성,43,1980-01-16,서울 이구 27길 69
e1202f53-294b-4468-bacb-c94f1f064d28,최성희,남성,35,1988-01-02,서울 이구 34길 47
21c6d158-d42e-4841-9bdc-2226d0a0e6d5,강규은,여성,53,1970-04-08,서울 삼구 20길 94
5dd316ea-5e3e-4379-88dc-9c6aa8ee2563,신미르,남성,26,1997-01-21,부산 삼구 94길 99
a509b18d-d778-4780-ac62-c08dbc15cd82,박성주,남성,40,1984-12-10,광주 이구 30길 98
6b226f77-763b-48c0-889f-cbc701a9b5bc,이루다,남성,18,2005-06-14,인천 이구 97길 42
142bf1a2-1ad5-4f80-b23d-ba36b6123745,염기영,남성,42,1981-07-13,부산 삼구 27길 70
da99fea0-ce20-47b4-95bc-1fe2b994340f,조마음,남성,23,2001-10-04,인천 이구 39길 26
8a55ec5f-9082-4de4-b0a2-ce064c60b01a,장규람,남성,49,1975-10-07,부산 오구 3길 81
cdddc7b0-dd7d-449c-b842-c55e1973af74,조연수,남성,52,1972-10-26,대구 이구 11길 55
2015c463-8d23-474a-a19a-6ea0706fc5d0,조규정,여성,44,1979-04-03,광주 이구 80길 35
ae56eb24-f0be-4d36-97b8-d48c349eddcd,박규원,남성,43,1980-06-09,부산 삼구 85길 36
5e42e9ff-1c0d-47b0-8f4b-b91937330e3a,박규원,남성,47,1977-11-23,부산 삼구 81길 75
ea791e04-c944-4919-af23-292f8fcbdfd2,윤성은,남성,23,2001-10-17,서울 이구 48길 3
66a33432-c2a7-4913-811d-e356659a344f,조누리,남성,52,1971-04-13,대구 일구 32길 67
5386d6db-f28d-4cd4-bc0c-5d0665bf9ae6,이사이,여성,22,2001-01-09,인천 이구 15길 88
445eb851-2b71-4e83-8a6c-fc41639ac7de,신미르,남성,44,1979-08-14,인천 오구 58길 49
9db498c2-c83f-4ce5-82ce-89a4ca653596,장세현,남성,36,1987-03-07,서울 사구 59길 24
002f4da6-54a9-4088-808e-a0b503963e0f,강기연,남성,16,2007-09-25,인천 일구 78길 82
db434577-5877-4c82-adfe-1243633c8688,염주연,남성,17,2006-02-08,서울 일구 33길 65
2306902c-7177-45e8-a7b1-5900b219102a,장서현,남성,14,2009-08-22,광주 일구 63길 90
336b869a-dae4-4146-bda8-1538c14d37d6,이규인,남성,24,2000-12-09,광주 일구 60길 10
d2a86620-4d79-4fa7-8da5-e7694ddec6cb,서세영,남성,35,1989-11-10,대구 이구 69길 68
2732a5bd-2c1d-4c1d-a8a2-81009c0f9360,이믿음,여성,38,1985-10-02,서울 오구 70길 29
f6a01939-8868-4fec-8a88-85218fddc1f8,홍규민,여성,19,2004-03-09,대구 오구 13길 3
e599235c-2b07-4633-99e2-ce4978f23a65,홍서빈,남성,42,1981-09-01,서울 삼구 31길 28
dd1b0cde-dcac-41bd-ab8e-3c2a9cc9f3b7,박규원,여성,60,1963-05-10,부산 이구 99길 93
b5d9f57e-4b61-4eb0-8860-22758bef307b,이믿음,여성,30,1993-09-21,부산 삼구 24길 57
750cd4a4-158d-4f83-8903-73313bcb7d66,조성주,남성,30,1993-03-04,인천 오구 38길 84
17adbd1d-2bec-42b0-931c-330d9309e392,신세영,여성,19,2004-06-25,서울 오구 10길 41
31788e6b-8556-48b7-9dfa-26b6ab5131ae,김서원,여성,48,1975-02-10,대구 오구 86길 51
3baf38b9-a1bd-4a6f-bf6c-39ed6990026a,최경민,남성,33,1991-12-06,대구 삼구 26길 38
6c4efaad-5dcc-4b1f-ba1f-e19905f7a581,김규민,남성,51,1973-12-20,서울 삼구 43길 62
35a2eda3-2e82-40b1-a4ff-2ae41326b057,윤다현,남성,63,1960-05-03,인천 삼구 5길 80
28a54911-fc3c-4269-b5b7-f8c33012be64,염성경,여성,58,1965-01-03,부산 사구 38길 17
edef01da-2511-44c7-8a6c-af61574f8a26,윤재경,남성,42,1982-11-13,대구 일구 97길 47
921af573-0c58-4315-9fa0-ae595eeb8e41,장다빈,여성,25,1999-10-12,인천 사구 59길 43
5b6aab42-2472-4013-8260-594cfe5c6084,신근출,여성,45,1978-05-12,광주 오구 86길 30
7109d9c5-ae5a-4685-8868-cdb10818fa0b,이성연,남성,28,1995-09-14,부산 사구 79길 67
25e9fea2-340b-4f3c-9543-0f6e39ca0d22,조규빈,남성,63,1960-09-25,광주 이구 57길 19
3aa8fd42-92c0-4c3a-9a6d-cc75f5fb6a4d,강성은,남성,42,1981-05-05,부산 이구 51길 12
3e2e0578-dd39-422b-ad78-2d1cec2dd310,강마음,여성,41,1983-10-19,대구 오구 27길 98
842bbde7-8b91-4d91-95ec-3de5ef6b02ad,강규민,남성,22,2002-10-13,인천 삼구 76길 30
e5fd0929-64f7-42a3-a1aa-57dcb2282625,염가우,남성,30,1993-07-03,대구 일구 90길 61
37b42913-38d8-4beb-9c3f-ae6c02900a18,윤상은,여성,13,2010-02-01,대구 이구 78길 53
cced642b-d0d9-4943-ac5f-4df65079c18e,박규연,여성,58,1966-12-21,부산 이구 96길 86
47805d33-74bb-4f5d-94f9-4f634444d59c,홍성민,남성,31,1993-10-16,대구 삼구 37길 6
7edb4540-da87-4ca4-8bc0-69d84ab578e4,최성화,여성,43,1980-01-21,광주 삼구 80길 27
028aa970-25ff-4556-bf61-9f2a0e0f40d9,조다율,남성,62,1961-07-22,대구 사구 80길 16
7b925538-3735-460d-895d-293991e3622c,유세영,남성,31,1992-07-11,대구 오구 75길 31
dd0c05c1-c5a6-440a-8cb7-9f77648af251,이선진,남성,41,1983-12-10,대구 사구 75길 14
61020e3b-8715-4adc-a9ed-2790b9bc665f,최가온,남성,45,1978-01-03,서울 오구 33길 54
2a2b3987-19db-4db5-9d45-ac0707f332af,서규정,남성,52,1972-11-12,광주 오구 62길 17
13015121-9d1b-4f8e-a1e3-9cb8ab73fb28,염세현,여성,52,1971-05-22,부산 오구 4길 44
fa806eb2-f900-42bf-a9c8-33c03d18ecbf,이세현,여성,53,1971-11-02,광주 일구 95길 46
b2550937-5051-4f51-b15c-8190f48700c2,이규진,여성,46,1978-12-11,대구 삼구 8길 77
e55f662e-1ae0-449e-96b8-7e5c2e0c3a96,최명진,남성,52,1972-10-16,서울 삼구 41길 45
eebec8ea-5167-49d0-8be6-d1bfe17c5fbe,김성주,남성,19,2005-10-07,서울 일구 40길 42
bb8b7e54-4a54-4ef2-a153-06503e535eba,홍세원,남성,60,1963-02-14,부산 사구 94길 29
76394186-7b05-4e1b-8c79-82941aeca933,강규정,여성,44,1980-10-28,인천 오구 50길 53
78a3f17b-414e-4637-afeb-f85fda537fa9,염성경,여성,29,1994-07-12,부산 일구 90길 95
66956fb8-5af0-49bf-ae5e-a06f5f032833,유가우,여성,53,1971-11-27,인천 사구 7길 7
53726ee7-7434-4039-bb39-6d79b2a8ad11,서유진,남성,51,1972-02-27,인천 삼구 8길 82
c895466d-42e4-4fe6-b91a-888afd653dd6,조서율,남성,60,1964-12-10,인천 이구 44길 40
b70ffcbb-820d-48b1-8f71-5f1d96e7e2e5,이성화,여성,55,1969-11-16,대구 이구 94길 43
7c840060-c5d1-4857-8010-960e850f33ba,서서우,여성,61,1962-05-01,광주 사구 6길 91
6d500a7d-f7e8-4b38-ac1b-679d11606742,신유진,남성,40,1983-02-13,인천 이구 8길 57
14ef0216-b2ac-4601-9926-0a4310e12357,강성연,여성,28,1995-02-12,대구 사구 66길 72
2b362932-e0d8-410b-9caf-783cd1838c45,이민주,여성,47,1976-06-23,부산 오구 57길 51
9c8df7fe-bed8-41aa-9fdd-db003ff2822f,염수빈,남성,44,1979-03-09,광주 오구 70길 30
337a1250-911d-4c04-ba79-cde83b69a207,김가을,남성,56,1967-04-05,인천 이구 24길 5
5d5043e2-4a2e-4913-b0c2-df96801136f2,이가람,여성,14,2009-06-15,대구 일구 27길 81
90c84843-669d-4d64-a8cb-a4c5c9e919f7,서경연,여성,36,1988-12-04,서울 일구 14길 17
e215ace1-7f3c-4b96-849f-d0991b360b94,박규은,여성,62,1961-02-02,대구 이구 60길 26
a92582c6-26ad-41b2-add9-e3c2d66b589b,장성연,남성,40,1983-09-10,대구 오구 71길 1
d89c1e09-f96c-4d6c-b209-c02b912e6997,최보경,여성,14,2009-05-28,대구 이구 25길 56
49512bf1-fdcd-4120-b528-aa2262d6013c,홍서현,여성,58,1965-01-07,대구 삼구 65길 74
ab92b4d2-29e2-43b0-ab7d-990a4b7900df,서보영,여성,42,1981-07-05,광주 삼구 62길 22
0f2943a3-f5cb-4d32-a12f-2a51239de179,김누리,남성,29,1994-05-08,부산 삼구 40길 35
b95d7fc5-3538-4ca9-914b-04ef4ad7bc23,염규은,여성,60,1963-09-03,인천 일구 88길 61
720bb5b9-46be-4b8b-a10e-e79df44bfddc,홍노을,여성,55,1968-01-07,서울 이구 53길 75
d3692c93-c562-4825-a0ad-ad9963b30721,조겨울,남성,22,2001-01-02,서울 일구 90길 8
b64dbe9a-83fb-4a42-a3ec-c92005b1a631,홍미준,남성,31,1992-05-03,부산 사구 34길 83
14cc23d4-9ca4-443c-b6ca-5c578e7fa2fc,조선우,남성,49,1974-03-24,부산 사구 48길 65
f6633ba3-c09c-464b-8621-8f9b3f5c304b,장다운,여성,20,2003-08-20,인천 삼구 56길 65
b1e92fd2-dba9-401e-9837-45cdb810c9e1,유성지,남성,17,2006-04-09,서울 이구 89길 42
4174fabc-5a40-4b5a-8e21-7a248e21fe92,조겨레,남성,37,1986-03-24,인천 일구 97길 19
11784b0f-9d04-496d-adef-6bf9de290757,서라온,남성,40,1983-04-21,부산 오구 75길 29
dc6738b3-b0bd-40a8-b182-c91c91c11a59,강다빈,여성,46,1977-09-19,부산 이구 24길 4
5a8dc4c7-0a00-48ab-85b2-aadb141cea92,홍규영,여성,26,1998-12-24,대구 이구 15길 22
e6d8efc4-31bc-4638-9509-3d6252651944,이주연,여성,16,2007-05-09,서울 삼구 32길 90
cec2e1b0-6508-4271-85f7-d3200d831a03,유규진,여성,29,1994-03-16,광주 삼구 25길 52
b067d799-a0a3-4b25-9301-4592d250fc25,강성민,남성,32,1992-12-21,대구 오구 33길 46
0ac0a6fe-84be-4383-9669-5b625181b41c,신성희,남성,38,1985-08-02,대구 오구 43길 83
e6e1cf5c-92b3-4fdd-9ccb-848780003f5d,서근출,여성,51,1972-08-06,광주 일구 67길 42
d5e78bef-b75d-4711-8648-caf658989789,염미루,남성,38,1985-05-13,부산 일구 84길 33
44f90843-005e-4a3b-83a3-8b7b01d21a1c,박성지,여성,46,1977-05-21,서울 삼구 72길 75
da39d731-8242-4745-8b86-2611a5db4eff,이세원,여성,31,1992-03-03,대구 일구 29길 82
8fad8b4a-89a0-4ab4-a76b-b02d5258ac3b,염선진,여성,59,1964-02-24,인천 오구 12길 95
44bc8d03-8f27-4257-8e8f-76410619bbfa,윤서현,남성,29,1994-05-10,대구 오구 81길 23
7e5b64c7-c90e-4868-b343-4c85909cbb2f,홍세빈,남성,18,2005-06-07,대구 이구 54길 3
fe85e42c-c6d6-4d0a-902f-1a41a557ca8a,이사이,남성,43,1981-10-03,부산 이구 12길 42
7ad6cdb0-2dbf-48fd-9bf9-b06f26a30765,염미준,여성,38,1986-12-16,부산 일구 2길 61
e9ff4ab3-2e4d-45a2-a9cc-d84905a40763,홍미오,남성,52,1971-05-04,광주 이구 5길 67
6cf29abb-90d4-466d-abf7-25afe461bd22,장성은,남성,63,1960-01-22,대구 일구 32길 67
0122c137-e9af-4b22-899a-840260ea4576,최겨레,여성,53,1970-01-10,인천 사구 65길 49
e65d43f8-9efb-4053-8cf8-81f9bd1f4314,강바다,남성,16,2007-08-07,대구 사구 87길 5
4a1b6619-2a0b-4a8c-8fc0-35f437e433a9,윤사이,남성,50,1973-07-28,대구 오구 37길 10
b1d99056-3259-4fc2-ab87-f4c0bbb98697,홍선우,여성,33,1990-02-25,광주 이구 26길 72
8a6f3099-4bba-4d80-817e-08d128f03bfb,서유진,남성,46,1977-01-26,대구 사구 14길 63
b6075ec5-ec63-438a-b62b-10cbf1075ba2,염다현,여성,29,1994-05-03,부산 이구 33길 36
a415051b-4b4e-4098-8902-814ad66e5704,이서원,여성,64,1960-10-08,광주 삼구 50길 5
2c87e58e-e853-4d1c-91d8-22ac65a93c23,신경원,남성,17,2006-03-20,광주 이구 70길 89
911dbb13-55dc-4136-8193-10f953c0a8d1,조세영,남성,20,2003-10-01,부산 일구 18길 58
bc51c10b-71e4-4ff1-a40d-719648adc0f3,윤성화,남성,16,2008-10-17,광주 사구 18길 100
92422638-95f0-49dd-b35c-3ae85f085d22,유규영,남성,38,1985-08-26,대구 이구 85길 65
9f83512d-e2f9-45e0-b164-78e9a2a148d6,조서빈,남성,42,1981-06-25,인천 삼구 53길 98
78587623-ebdd-4c95-bc1c-7b66d4a46360,유민서,남성,40,1983-02-04,서울 이구 98길 11
dc717083-11cc-4553-ad1b-0762ff4606c2,김서현,남성,53,1970-08-17,서울 사구 6길 82
4fdba2ef-0935-402a-91ec-8e09279f95ac,유기연,여성,53,1970-03-24,광주 오구 19길 61
2b5be383-b1cf-4ea3-97db-020f6e47ca03,이상은,남성,62,1961-06-20,광주 삼구 35길 8
219f5720-293a-4b09-9f04-1bdd39232547,박미셸,여성,14,2009-08-25,서울 사구 17길 16
53f362f9-e65a-4b4a-9157-5d871c394ad1,신성화,남성,15,2008-07-03,대구 삼구 10길 27
e3b2cdf3-6e39-4115-a618-1c39baf151ea,홍서진,남성,41,1982-09-08,서울 일구 42길 89
1fc3a13c-c4c0-4cb0-b93b-399a8dfa881b,조규은,남성,33,1991-12-25,부산 이구 80길 42
a761f8bd-f41b-47c9-a078-330f1a19b897,홍규원,여성,20,2003-08-02,인천 사구 14길 52
f08050ce-2aba-41ed-968a-5dcb164a4d89,홍세영,남성,50,1974-11-25,광주 사구 85길 90
96fad202-1640-4b5c-905a-0e225c9e5d3d,염기영,남성,38,1985-08-19,광주 삼구 96길 88
ca6aa9a5-468d-4eec-9e10-3c52656d3ec7,강노을,남성,16,2007-08-05,광주 이구 78길 19
8ebc4fc7-1331-4711-a129-9c89d2c1931d,장서진,여성,13,2010-04-25,인천 사구 98길 27
d1843d29-6a98-46a9-b264-69cad5182cfe,이연재,남성,18,2005-05-26,인천 이구 86길 36
79cb317d-d597-4432-b902-b7a0ee47d8fa,서미르,남성,19,2004-04-23,인천 이구 47길 13
79a70dcd-0e69-4396-8a58-89f729802070,조윌리엄,여성,53,1970-01-08,대구 삼구 1길 96
fb97c977-4344-4205-930b-7ac7399462b3,최민주,여성,22,2001-06-05,광주 일구 43길 88
b99e3e82-a978-436e-af26-0d7db86c1d5e,유미르,여성,41,1983-11-26,대구 이구 4길 78
006c548e-ba96-4e94-8447-966a337f43bc,이재경,남성,25,1999-12-13,부산 삼구 4길 64
5d6ccb94-642d-4e3e-8d06-19070685965c,신규인,남성,45,1978-09-05,광주 이구 23길 50
fa8a1c73-2c0b-4045-b0d2-384a615385c1,강시언,여성,41,1982-05-12,인천 삼구 26길 100
f6536de7-3389-432b-9b8e-ccbcc9774e72,유연수,남성,56,1967-03-13,부산 사구 25길 65
c0722f77-2ce9-45e6-a52b-7eb5ac9cf40a,조믿음,남성,21,2003-11-05,대구 사구 7길 88
8dec8941-ef4c-40a8-843d-0303307db7b7,염기은,남성,52,1971-03-20,대구 일구 32길 18
5e3a95cb-f558-432d-8b7d-9e038ea422e2,장겨울,남성,28,1995-05-25,광주 일구 100길 36
8d42ec09-f66a-4f74-a381-2fd07ca1b216,홍규정,여성,33,1990-06-16,광주 일구 36길 9
8b4c3b34-a745-4df0-8ff1-8a91c51d6ea6,신민서,남성,18,2005-02-24,광주 삼구 59길 42
c2bf6c30-050b-4e98-b688-0b5c0153472e,홍경윤,남성,38,1985-09-20,부산 일구 66길 19
c0fe36fb-a746-4489-ba95-c2fea3b1e6d8,서시언,남성,26,1998-11-11,부산 오구 100길 85
3d6a4dd0-e9d6-43c5-8abc-d04146a70b6f,서세현,남성,42,1981-08-04,인천 이구 49길 20
9b34e90a-e57d-4f9b-973b-df14b5b2faa6,윤성민,여성,54,1970-11-16,광주 사구 76길 31
3e4020ee-77d2-474f-9e50-6efce7c96ddb,강근출,여성,31,1992-08-23,서울 일구 31길 33
81cf7e03-0ef5-4af8-baef-4e3f57680a0d,최규연,남성,54,1969-09-17,인천 사구 17길 33
8503fec3-5301-4e93-8996-e97eb25753f3,이세빈,남성,37,1986-07-12,대구 오구 34길 29
ac6fe66d-5f58-4e15-b2b6-f58ed255bd0a,장민재,여성,23,2000-05-20,광주 오구 53길 31
2d43380f-cf29-4f23-940b-596abf906346,윤세빈,여성,28,1995-03-09,인천 일구 76길 99
6e94439f-59b5-4251-9d66-5e9f4fef841e,강미오,남성,22,2001-09-21,인천 삼구 12길 51
af109328-2d17-4374-b395-f534872f94a9,장서우,남성,35,1988-09-18,인천 사구 11길 7
67c233fa-3a3f-4f8e-9e79-2bb1d415e302,유올리비아,남성,44,1980-10-14,대구 이구 4길 83
2bfb3951-e9ac-4aca-9ba5-777c72eae9f6,홍사이,여성,34,1990-11-28,인천 사구 48길 16
2bec122c-dd57-42fd-8a65-2a153b019aa8,서주연,여성,36,1987-05-06,대구 이구 23길 71
f4c6ee5f-8ee4-47ed-be81-c5f3cd02b150,박상은,남성,33,1990-02-03,대구 삼구 38길 75
bc1c495f-e0b2-4086-b49a-a33dc66f808e,유세윤,여성,45,1978-05-13,서울 일구 12길 11
acd92901-fb7b-4f57-9cd4-fa8004300839,박기영,여성,57,1966-07-18,광주 이구 50길 22
68fcc33e-19be-4b8f-a048-734064ce2ddc,신나오,남성,41,1982-02-10,인천 일구 81길 77
38bd2ef1-0251-4b74-9d41-c2bf96cc071a,강올리비아,여성,23,2000-09-16,인천 일구 42길 35
f4540570-4b61-4239-bbf3-c9a298149266,이보영,여성,29,1994-02-23,부산 일구 75길 41
05bce333-ea55-47d3-885e-2dad99f7de2c,최연수,여성,45,1978-09-16,인천 삼구 48길 81
784a3cc7-ade6-4161-bb72-5caf9764ccca,조경민,남성,33,1990-07-04,광주 사구 17길 77
ae26db39-5e80-4d4a-8da9-15fdeae49242,박서진,여성,52,1971-08-03,인천 일구 27길 73
56795699-ff35-48eb-b196-4eedcd6cfcd9,서연재,남성,56,1967-08-19,대구 사구 61길 51
d6a681e4-1ace-4278-9cdc-846a16d46100,신규람,여성,61,1962-01-10,서울 이구 30길 7
cad44d16-f6ea-4292-bdb4-f618db674f50,장경윤,남성,58,1965-06-04,인천 일구 41길 19
e8bf768f-b92e-42eb-b1c0-5cca9819a38d,염올리비아,여성,20,2003-06-05,인천 사구 82길 59
bbd5394c-577c-47a1-a194-430a1b1d2452,조재경,남성,37,1986-06-16,인천 삼구 45길 8
5ea150ce-3d92-4ac3-92ef-5d9714b62d13,강세영,남성,41,1982-05-01,서울 이구 66길 84
6220bfdf-646b-4a2a-8504-7567079f0e37,장도영,남성,40,1983-08-26,인천 삼구 53길 27
a51ce91b-fd9b-4ccb-98ae-eb7722bd710d,홍규영,남성,36,1987-03-24,서울 이구 92길 23
531c67f8-432b-4b02-993f-846dc96a3895,염규정,여성,54,1969-09-12,부산 사구 18길 66
089a89c0-48be-4bba-8a6b-90ff2e226684,유경진,남성,40,1983-05-15,인천 이구 94길 36
1b7fb340-0124-435c-891d-d898316f84ac,염유진,여성,31,1992-05-20,부산 삼구 3길 80
b5c72266-c37c-4abd-9462-bc17a9f313c1,강세윤,남성,60,1963-05-23,부산 이구 96길 3
0c2dca19-be15-4ac8-8688-5009007b522a,조경윤,여성,28,1995-06-22,서울 일구 50길 26
78a40b3f-44de-4db8-b28c-b4336f3f6b8c,이경연,남성,46,1978-11-10,대구 사구 82길 16
89f0d7c0-ca8f-4360-9cb0-d09c3926b314,박누리,여성,34,1990-11-01,인천 오구 88길 42
4218d707-6b46-4e00-96c1-a6fcc6426f95,최규람,여성,13,2010-02-26,부산 일구 26길 10
7fadd3c0-3aaf-4395-848c-1003b2e85a2d,이경민,여성,62,1961-09-19,서울 오구 63길 86
d364a995-6af7-43a2-848a-ebb7e589c064,조수빈,여성,58,1966-12-23,서울 오구 2길 56
0ebe2075-930e-415f-84f1-63b9b52c5e39,박상희,여성,46,1977-05-17,대구 삼구 36길 80
de0e6e77-9d91-453a-9867-a22c28ee76f4,조기은,여성,22,2001-06-23,인천 삼구 85길 62
9a61355b-d539-4a1f-bd29-c09aff07b990,강가람,남성,36,1987-04-09,서울 삼구 38길 7
93aa75a0-81c7-47ea-96d7-d3b0f18ebe00,염도영,여성,31,1993-11-25,인천 오구 35길 78
88849a74-e840-45d6-aadf-506c32d40ac0,장민주,남성,55,1968-07-18,서울 삼구 68길 63
58aa8ff4-6a48-4291-9351-591e692812d7,강성은,남성,35,1989-11-06,서울 이구 48길 55
1fdcbdc2-d3f1-46aa-b5fd-9a3c02878277,홍서율,여성,17,2006-03-22,대구 오구 34길 92
b0618ac0-a239-454f-9b1d-bb4c052c52ca,이나오,여성,31,1992-03-03,광주 사구 72길 49
04bfe358-c6c0-4042-8b74-91d0ab784224,신보영,여성,25,1999-11-06,서울 이구 73길 1
49fae89c-46a6-4ddb-b2dc-12ad3e5862df,조은재,남성,40,1983-06-01,서울 오구 80길 97
2b325994-ab2f-48c7-a426-7ae9c0e7818a,홍다원,여성,19,2004-03-17,서울 이구 93길 22
2612da39-17b8-49da-b108-564b42dc6cf5,조성민,여성,19,2004-09-10,부산 이구 52길 9
89315bff-9e26-4424-a8ce-13c1d414d1dd,강상희,남성,21,2002-07-25,서울 일구 83길 9
8146625a-367e-48dc-9962-c648b6e60b7e,신연수,남성,36,1987-04-04,대구 이구 29길 97
976aa1ba-cc0e-4b73-90f7-ee9bb7d09fb6,신올리비아,남성,35,1988-02-16,광주 이구 24길 75
cf1f1daf-5e3a-4218-a953-c65de68a1afb,조규민,남성,32,1991-07-08,광주 오구 87길 22
d033b94f-4c5a-4ad6-9ec7-d287ecf46df4,신경진,여성,19,2004-04-13,대구 일구 54길 39
3ce8eddb-5463-4856-8fc8-7247c38bea6e,홍서현,남성,40,1983-07-05,부산 오구 68길 54
38aff69b-387a-439b-a84a-637109e75fe7,김미르,남성,22,2001-01-15,서울 오구 30길 99
b3fa9afa-9821-455e-aed4-1be0c4338a9a,장세영,여성,35,1989-12-10,대구 일구 58길 98
a2346c62-576f-452e-b933-565b0e4116e3,염명진,여성,52,1971-01-23,인천 이구 86길 60
77c96831-8fe9-41d8-8222-8ecdc56c76cd,신시경,남성,63,1961-11-23,광주 이구 68길 40
b87dee1e-e588-4336-987e-c221871ec534,조서진,남성,53,1970-08-16,서울 사구 88길 35
c36a4aee-8a48-4393-a45a-d6cfc8dddea2,홍경빈,남성,40,1983-05-07,광주 오구 49길 14
3352fd2d-f8b9-48f4-befc-0d872707a265,장미준,남성,37,1986-02-11,인천 사구 37길 23
761a0481-0bf7-41ce-8fb3-6160295f76a4,조경원,남성,36,1988-10-19,부산 일구 61길 5
a81a7cc0-3324-4828-af99-009e6e4d81fa,서사이,여성,32,1992-10-18,광주 이구 50길 55
9762bc89-2461-484f-94b7-858e5ce35634,서성희,남성,51,1972-08-22,서울 사구 68길 12
eeaa03a2-8136-4a7c-8a77-bb69d2cf62e6,이수인,남성,31,1992-01-19,인천 오구 45길 7
7f95a527-8e08-497b-bd1f-aa5740b040bb,장시경,여성,41,1982-04-10,광주 삼구 61길 65
57699306-148e-453f-990f-7f239e81b642,서선우,남성,43,1980-06-02,부산 이구 60길 26
9b1743ca-0f59-4953-a55c-25dd04d89c53,신사이,여성,53,1971-10-21,인천 오구 76길 93
a5adab66-926f-4bfb-bf21-0e69077906ec,조라온,남성,32,1991-03-13,광주 일구 1길 59
dfca2f3d-c3ce-4eaf-ad12-7e50ad2cb04b,최세진,남성,52,1972-12-12,인천 일구 70길 7
465ab960-da25-411c-91c9-f4fe48aed061,김서현,남성,37,1986-01-22,인천 이구 53길 9
0ff011d2-addb-4e10-be87-1b0646b90388,강규원,남성,58,1966-11-23,인천 오구 49길 68
0fe3f6e1-1075-4859-8c23-2ca44525e10c,조연재,여성,15,2009-11-19,대구 사구 62길 41
9333d700-efdd-4985-ab53-38a4daff884b,박경빈,여성,55,1968-02-22,광주 사구 64길 39
ab3d81d3-4bc2-4b01-8a0d-d6af2794fc0d,조보영,여성,45,1978-09-12,광주 일구 31길 97
580ee815-ac28-4e41-b9a8-93d510454e91,윤가을,남성,61,1963-11-23,부산 삼구 87길 70
c8696ddc-8800-4a2c-9be1-e91558f6f7ac,장강은,남성,60,1963-08-23,광주 삼구 22길 28
a97c68d9-7259-41bb-b221-ee1a0f520d63,서서율,남성,16,2008-11-12,부산 삼구 25길 53
70bef25c-ea54-47c7-a913-e3444edb5bae,신민수,여성,15,2008-09-25,인천 오구 89길 15
63b3f3be-89d1-4241-9991-45dc0d4f557f,홍시언,남성,24,1999-09-13,서울 삼구 18길 26
3bc1f797-16eb-4ae6-81f9-b89dfccfc466,강수빈,여성,55,1969-12-13,광주 이구 95길 19
1870b163-ccdb-453f-8d0c-3e1d92d35b8e,유세진,남성,20,2003-01-25,광주 사구 5길 3
42a9d8a4-0362-4182-98c9-cce77d3fad2c,염수민,남성,42,1981-06-02,부산 일구 39길 38
9f53e44d-a4b0-4f12-8e5c-44883c707b3c,강민서,여성,53,1970-09-26,대구 일구 41길 3
8e27d587-a485-4a4f-bf3d-dfacfc129ea7,박유진,남성,19,2004-04-17,대구 일구 25길 27
b79d1519-0ff6-4b8d-8ecd-60a2d92742ae,서다원,여성,14,2009-08-12,대구 일구 76길 26
78378bfe-e0b5-4a5a-b7ca-e670a9a42ff0,윤수민,여성,50,1973-09-17,서울 일구 60길 45
7450b5ab-3033-431d-a1ac-66381ae85c86,최민재,남성,35,1988-01-11,부산 일구 98길 77
e2c6903e-40f3-430e-afb6-a3ab37844197,유올리비아,여성,46,1977-02-18,서울 일구 83길 16
c857466e-2709-4ae1-b7eb-9bc116f112e6,조세빈,남성,48,1975-03-04,서울 삼구 9길 43
9637205f-3a05-4b71-8352-2edb618a8ae7,이연수,여성,46,1978-12-24,대구 삼구 95길 43
0d769ef9-623c-4d31-a100-5ac7c8151d1e,최수민,남성,53,1971-12-17,대구 일구 55길 3
af6afb61-c7a1-4666-bfbf-6e515d17ee1a,김규영,여성,48,1975-09-07,광주 삼구 32길 69
9fedbe31-161c-434c-8b4e-58e1e5b62f9f,윤루다,여성,36,1987-02-18,대구 일구 43길 46
2ac01ed4-e723-400a-bc1b-1c0c4f30a044,최규정,남성,17,2006-05-21,인천 사구 58길 40
272f8397-37de-4ff7-a885-dded343f0eaf,서기연,남성,56,1967-04-14,서울 사구 51길 89
4f4e2ec7-c13c-4dbc-a0a7-f43e1c59542f,홍누리,남성,61,1962-09-26,광주 사구 91길 23
060d1e5d-da1e-4eab-be17-a254f544ec83,조도영,남성,27,1996-03-20,인천 삼구 69길 85
8a13f4e2-78fd-4648-a34c-be63d97c2ec7,조경연,남성,55,1969-10-05,부산 삼구 50길 11
33c64786-b61e-478a-87ba-225b338d6f5d,최가온,남성,17,2006-08-24,인천 일구 92길 5
ede1ab1a-7222-4845-9212-16afb7f4880f,장에밀리,남성,29,1994-08-15,인천 오구 15길 3
7eed89b5-db7a-40ee-9167-ad3efbc857fb,염유진,여성,60,1963-09-06,부산 오구 61길 63
24cd3807-55f4-4131-8772-fdc257701b97,윤규은,여성,22,2001-05-12,서울 삼구 68길 31
4184051e-70bd-4610-aef9-c9b39a0e589e,신서빈,여성,53,1970-07-16,대구 오구 63길 11
d365d4b0-571b-46ef-891a-cc934158d74f,이성희,남성,54,1969-02-08,서울 사구 52길 34
3bb71e54-0f30-4739-9eac-b5260d4a2e1e,염서우,여성,17,2007-11-04,부산 사구 82길 73
2f7463d8-cd68-4b51-946f-a53be71e6acb,박유진,여성,28,1995-05-22,광주 이구 36길 43
e3783373-a1fe-4ddb-872a-ee32c9623495,강다원,여성,40,1983-03-03,대구 일구 5길 57
1040f05d-a094-4e29-a18b-3f3ceb660913,조기연,여성,37,1986-02-23,광주 오구 55길 98
fad88956-cfda-4e5e-93b1-84138012e4ad,김규빈,남성,27,1997-10-14,대구 이구 80길 25
c5037f23-c43e-473e-8bc9-b33bd30e47f5,장겨울,남성,61,1963-12-19,서울 이구 47길 85
441c5d69-9f0e-4999-a7fd-05bca8bbb824,최서원,남성,15,2008-04-16,대구 이구 52길 68
bbf1c4c8-6a95-47ba-83ef-4289b1eaa3c3,조루다,여성,27,1996-07-02,광주 삼구 68길 95
4a214fe1-8dec-4529-8201-4f91c00c16f0,장리안,남성,42,1981-10-02,서울 사구 74길 56
9db5fe6c-3772-44d6-97b0-f06f83122a04,홍규영,여성,36,1987-04-20,인천 삼구 52길 46
c296af30-d8d5-4f70-9b9b-bc52a8435f97,강규인,여성,32,1991-07-02,인천 삼구 18길 18
ad8765c3-ebeb-4a40-b72d-f831575d3262,신수인,남성,52,1971-06-10,서울 이구 79길 38
57830a5d-c7d9-4368-a7e0-a863530ea286,조성화,여성,31,1992-03-10,인천 삼구 12길 46
8799b1ec-b5ff-4372-8059-616b96460e65,최사이,남성,53,1971-12-11,광주 사구 4길 72
472e3a12-e537-41cb-ba02-7b09021160ae,윤다운,여성,40,1983-07-07,대구 이구 79길 29
84f448bc-0b3e-45f3-885d-4240f511c61b,유경민,남성,20,2003-02-12,광주 삼구 23길 69
9cf4d3e7-0261-4265-a30e-f62e9e698b99,강선우,여성,57,1966-06-05,인천 일구 12길 7
dda1e126-1f5b-4aad-89a8-4ae918c8e5a7,이선우,남성,35,1988-05-17,서울 사구 29길 90
29ec2f41-be83-43ff-9651-e70394871c0b,염서원,남성,28,1995-04-07,부산 삼구 35길 96
52310294-208b-43a7-a8d4-db97a64ed653,조규진,남성,33,1990-04-04,광주 사구 64길 8
b8b58778-2098-46a2-bfa0-550e4285eaeb,박연수,남성,28,1995-09-19,서울 사구 19길 22
8464b877-09c3-4628-b750-aaac9cad564c,서규영,남성,61,1963-11-25,서울 삼구 37길 68
0a79f28e-f92b-4fa6-af2d-a7b129519a26,신보경,여성,18,2005-02-03,대구 오구 43길 89
55c5537a-2dec-40f1-9ab7-b5e8a5f5b184,장규원,여성,29,1994-05-03,서울 이구 57길 42
39062ff7-d5ec-458c-b680-7b737baa1fa2,최성연,여성,45,1978-04-08,광주 오구 45길 26
cbadbcf5-0881-448d-90be-a3dbb97ed44e,조미준,여성,25,1998-02-14,서울 이구 53길 48
6a7a1319-9e84-4695-b825-ac7a3d36aaaa,염로운,여성,25,1998-01-27,부산 일구 48길 14
316c3fec-5b88-4a69-b3f7-9cb880137bab,홍서현,남성,33,1990-03-26,부산 사구 8길 79
c7eca1ad-146a-4e57-a8ec-40438737f261,김서원,여성,36,1988-10-13,부산 이구 44길 75
59556592-3da0-4206-992e-48ea3f2fd0d4,장라온,여성,47,1977-12-26,대구 삼구 53길 55
cb898413-8abb-4314-8588-1ea776c35809,김믿음,남성,27,1997-11-04,광주 사구 99길 45
147e441f-c13b-42cf-b621-5a41e45e32f4,장연수,남성,16,2007-03-28,인천 사구 42길 43
7fec492c-ed5d-4ad0-9dbd-ce760fa3aa08,최민주,남성,62,1961-08-11,광주 삼구 69길 44
f4b85af2-95f6-48c1-9a64-f0c93e2ec2c6,장성지,여성,35,1989-11-17,대구 사구 51길 70
0a0298bf-ef1d-4103-b250-3b32397b7154,서규원,남성,16,2008-10-06,광주 사구 89길 3
fcdff968-d5b1-48ea-94be-abd48adb5564,조믿음,여성,33,1991-10-05,서울 오구 53길 23
f4238b84-ef60-4f4e-9a6d-50d9a3b6f0fe,유가을,남성,46,1977-08-18,인천 사구 53길 85
928087d6-e3e9-4ab6-8398-a2e861a50cc4,유금선,여성,46,1977-04-25,부산 일구 48길 11
3ec4bc9c-7d78-4d89-a584-723e91af2ed4,최세윤,남성,61,1962-05-08,부산 오구 48길 69
0ab4f15d-e5e3-4c2c-8ad1-56d0a2ff654e,서가을,남성,51,1972-03-15,대구 삼구 9길 23
4bc496af-3cd8-49fc-8f44-2974a9c3065b,서두리,남성,51,1972-01-08,부산 삼구 70길 25
879b3d42-508f-48ea-a1e8-9a662ddbb67f,유서원,남성,27,1996-05-01,인천 오구 14길 6
3d530eee-6777-4663-869f-a6ae45f044e2,조세영,여성,59,1964-08-14,서울 오구 52길 16
6a834971-8699-4621-9405-02a6cca85d6f,이겨레,여성,22,2001-09-20,부산 이구 47길 45
f43c8774-455c-4130-bc0b-a846c4dc7f92,장세현,남성,40,1983-04-28,서울 일구 2길 39
7d7a9231-eaca-4abd-b669-154f0f950e93,장규정,여성,31,1993-12-09,대구 일구 50길 93
c706ffa2-abd0-4105-9b72-862dabdfd99b,서두리,여성,19,2005-10-10,서울 오구 98길 29
cadc8fa4-f182-4d81-b53a-26f17eab5c04,장민주,여성,47,1976-09-08,대구 일구 46길 18
d11068ed-7a30-4280-ba38-9b9dc22c1b76,장미루,남성,56,1967-02-19,서울 오구 87길 23
59863719-ced2-424b-a506-0bb7ddb453c2,서선우,남성,53,1970-03-12,인천 오구 95길 32
77ed9ded-8e58-476a-84e4-e3263ad5e8e7,조수민,남성,39,1985-12-04,광주 삼구 1길 85
3964e2af-5629-4f3f-b6e0-34a6876187b9,이시언,남성,48,1976-12-10,인천 오구 65길 99
4567dc0b-c822-4684-a833-9b8ee4de96ce,조마음,남성,23,2000-08-04,대구 이구 46길 7
ec940f0e-d4b0-4f25-b81f-d5c25ad20fe4,홍사이,여성,35,1989-12-08,대구 일구 68길 10
e6bc36c4-7ddc-49bd-9d6f-29cb6fb8f4db,강미르,여성,23,2000-06-09,광주 일구 17길 31
a11923de-ccd1-44fa-ae1f-de82a909215d,이가온,남성,29,1994-02-07,광주 오구 44길 18
8e719d0a-74e3-4403-8bdc-f985bba2ba37,조성희,여성,20,2003-07-28,인천 삼구 15길 97
7bd8cda8-adb0-4055-89fd-af30a2edbbeb,유성은,여성,56,1967-01-24,부산 오구 60길 21
b98538fb-b945-4e83-9621-29ec3424ba80,강규진,여성,54,1969-02-19,광주 일구 68길 22
e06e8c93-8a16-4d48-b9f7-1d4341c4c693,장규빈,여성,50,1973-07-19,대구 오구 87길 45
822efad1-e983-4cdc-9b6f-0edd249602f0,최서진,남성,59,1965-11-08,인천 오구 29길 88
ea1f6a1f-5582-4dfe-8a94-b7d50bbab442,조성주,남성,27,1996-01-19,서울 일구 26길 84
c0efcd4e-41ab-4136-b1fd-3b97e82082ef,신세진,남성,26,1997-07-06,광주 일구 57길 9
17eca1f0-a5ea-4f84-ab2a-1454aad3a715,조에밀리,남성,53,1970-02-02,광주 오구 61길 72
15adeb23-8eb7-4692-9c18-b106812c4d12,서명진,남성,18,2005-01-17,광주 사구 5길 34
63cf616a-24f1-4e99-abbb-9be334b9101a,유서빈,여성,16,2007-04-21,서울 오구 12길 25
603d1c9a-1db9-404c-af5e-73098c0ba485,유기영,남성,54,1970-12-08,부산 일구 14길 87
14ea489a-3480-46f9-a5d8-c5d17b266e46,이에밀리,남성,41,1983-10-22,광주 일구 87길 37
0248cbdb-d901-465a-93fa-0a3151c39c21,강규연,남성,58,1965-03-17,광주 사구 51길 3
c6a04889-d80f-4c01-ab35-7655bcf07743,홍은재,여성,60,1963-06-15,서울 오구 69길 55
d4a1fe6a-15c0-4f88-9ea7-f0ca7cde326b,박연재,여성,17,2006-05-15,대구 일구 20길 36
7388fc94-5a83-4fab-9945-56f60951481d,박유진,남성,57,1966-06-20,광주 사구 64길 4
12c0e93d-c877-4f59-aceb-3dc95509fce6,최보경,여성,25,1998-04-26,서울 오구 3길 45
e63b2528-ff28-4a4f-95ef-f1c00443e9c2,염민주,남성,30,1993-05-19,광주 일구 10길 65
c689c818-2cc8-44e5-a286-1a2105b3219a,염수빈,남성,44,1979-01-15,대구 이구 66길 93
0926f325-6ae6-4960-8f14-1ec092a70447,이보영,여성,53,1970-06-04,대구 일구 97길 15
feedc3e7-6e74-49fe-839f-5503262741f3,신유진,여성,39,1984-06-05,서울 오구 67길 2
a494a310-9425-46d9-8c54-be7d71788a03,신노을,남성,14,2009-01-08,광주 오구 41길 59
dfb94dfa-b24b-4d91-ae40-8762e16bcd1d,조규연,남성,48,1975-01-04,부산 일구 23길 51
343b8517-555f-43bc-b7a3-afdd1af2a08c,홍세진,여성,63,1960-03-02,부산 삼구 100길 46
aa681b00-b596-4885-b3bc-54518bd96d23,장성원,남성,48,1975-04-08,부산 오구 92길 69
6aa9ae42-d141-4c41-81bd-f8f0bf28d862,신서율,여성,53,1971-10-11,인천 사구 31길 37
2bbb9140-6e1b-4c51-8b7a-e20f332e0be9,최서빈,남성,30,1993-04-23,부산 일구 30길 12
c685fcfd-1f31-4a16-9855-3ce593a1db9e,윤경진,여성,27,1996-01-18,인천 삼구 6길 62
0a54fe37-969d-4e86-a5c8-dcf479b1feaf,김주연,남성,59,1964-08-22,대구 오구 47길 34
de73cfde-50aa-416a-864d-3ca65f8732ee,조민영,남성,55,1969-12-12,부산 이구 23길 73
f2ee5902-1fad-445d-8ad9-7e4fafa1a9cc,윤근출,남성,57,1966-09-21,대구 오구 44길 72
d6cade1a-b4ee-4495-a2c0-8f2d3dd8fd72,강규람,남성,58,1965-05-04,광주 오구 80길 2
dfbbdc7a-eeb0-4991-b5d9-e15d753119da,박규연,여성,14,2010-11-18,부산 오구 52길 11
ed2a21ec-5df8-4ab9-a0be-4a25dc1b5703,서미루,여성,35,1988-04-09,부산 사구 15길 10
8bd177bc-b9af-451b-abbb-de4e767168ef,장겨울,남성,45,1979-12-07,인천 사구 85길 96
a6c5a6fa-63fd-4e8c-a84d-a35f35744b3f,서세진,여성,53,1970-07-09,인천 오구 83길 95
90fc4e0c-b9ba-4435-a3f4-9f5440a04114,유금선,여성,35,1988-02-27,서울 삼구 82길 29
bd82ba5f-794f-4f52-9728-dff05a64185b,장규은,여성,32,1991-05-02,대구 이구 40길 4
0914f892-b0f6-47a3-96e2-733a55bb9a52,홍주연,남성,22,2001-09-19,부산 오구 68길 14
373b3c6d-8ba2-4f8b-a4b8-b2703c1f716a,염상은,남성,30,1994-12-02,광주 오구 100길 38
81c45e16-2989-453e-9e70-96ddddbbba8f,서기영,남성,55,1968-07-26,인천 사구 99길 76
b2cc9151-8a4c-4296-a209-eaa1f93fd30b,이서진,여성,38,1985-01-15,광주 이구 16길 68
26522a90-c41e-4d92-b339-4c27acab0ca8,조세진,남성,24,1999-07-12,광주 사구 73길 21
ebdb0385-4ed3-4452-ab40-a4f066bc5eeb,염경주,남성,25,1998-09-12,대구 오구 100길 22
b12620d5-7375-4af2-a9f1-106ad449d638,홍라온,남성,37,1986-03-25,인천 일구 53길 12
0de4a87d-b359-415c-a013-1e0bf6903242,조재경,여성,43,1980-09-11,부산 이구 62길 95
0f8fff06-d6a6-4286-9b6b-804d3322a9a1,박성연,여성,46,1977-08-28,서울 삼구 7길 34
1238fffc-554a-4b26-9504-554efd4a6b1f,염서율,남성,34,1989-07-01,부산 사구 72길 57
c6a56175-3990-4036-bce1-4fd435ccdaf3,김마음,남성,47,1976-09-19,서울 사구 30길 62
cf02ee3b-592a-427e-a350-6a8de05141a0,강누리,남성,32,1991-07-04,광주 일구 91길 21
7af47fec-3384-4e81-9685-59aaf9b83e2a,윤연수,남성,29,1994-02-26,부산 이구 62길 59
7bb62603-85f4-4e08-a7da-3a59f3be2fcd,유주연,여성,58,1965-02-12,광주 오구 15길 11
3e7c56f4-dcd8-470c-bc55-33703f49ccaa,박민영,남성,49,1974-04-13,대구 삼구 72길 59
28f9332b-cff8-49d0-8e36-22a0b8cc9643,조성경,여성,27,1996-06-25,부산 이구 99길 53
28d74de9-fb9b-46fa-99f1-0d9aec88d610,박민수,여성,48,1976-10-12,인천 사구 57길 57
1ff85c12-db83-4d27-87fd-1248df6b4f82,김미셸,여성,44,1979-07-10,광주 오구 64길 68
a932ffef-ced3-46dd-b614-eb8d41038bd9,유다현,여성,39,1984-04-11,인천 일구 80길 88
c2643ec8-4d0a-4762-920a-263caa4039e4,강세빈,여성,41,1983-11-09,대구 일구 35길 12
a445036b-58bc-4fed-8fea-c925ed35e737,조서빈,여성,42,1981-06-21,대구 일구 97길 35
b74d6ad9-e1f3-4e6a-87ea-b1e2c36f26fd,신규인,여성,29,1994-04-03,광주 삼구 41길 30
bab6dfce-fc23-458f-b1b9-26436e78bf63,조규진,남성,14,2009-08-07,부산 오구 11길 33
ee043768-3b5c-4034-80d0-8a7031161c1e,염상희,남성,25,1998-04-28,서울 일구 2길 25
5a4192d2-4810-4c83-b242-882d2709d03f,조세빈,여성,58,1965-09-24,인천 오구 92길 76
24222442-afb9-4a05-8e24-a32a2739827d,박에밀리,남성,31,1993-12-28,광주 오구 10길 55
41273e17-c9b6-4d2e-990b-343abd4246b5,유노아,여성,40,1984-11-06,부산 사구 61길 1
8aa3a228-e5be-4ec0-a7f8-bd9193de3a50,염서원,여성,60,1964-12-02,대구 이구 42길 3
c885e401-be36-449c-872c-87f8aad775d0,윤기영,여성,42,1981-02-18,광주 오구 53길 4
076bab12-5256-4d1a-96f5-033bbb690041,홍세현,남성,58,1965-06-08,부산 삼구 50길 86
1c0c552f-5744-4fff-8add-f0592396ceb7,조수빈,여성,35,1988-08-27,대구 오구 14길 100
b6f0035a-ba72-4d5e-a329-a2f4a062bb49,장성화,남성,57,1966-02-20,서울 오구 43길 86
1c88f965-50a5-4811-8fce-245eca1dbb4a,이민영,남성,25,1998-01-16,부산 일구 77길 36
c24c8a84-b66a-434c-b0e2-2754ba2de962,박연재,여성,14,2010-10-21,인천 오구 16길 44
1bd2a833-5676-49b8-a577-4eccef76d245,조근출,남성,48,1975-03-09,서울 이구 42길 93
95cc8cf3-daab-4a00-94a4-9f1582385719,서경주,여성,47,1977-11-07,부산 삼구 79길 82
78d88c80-0be2-4c39-a382-3fe946b15080,김세현,여성,61,1962-06-28,인천 오구 96길 29
8b8e6c92-5f64-45eb-bb46-6a22afdb31a7,박규진,여성,49,1974-01-06,서울 사구 88길 93
f5f348b4-94c6-4986-b0c8-ce57ac626606,강민재,여성,52,1971-05-09,대구 사구 92길 36
0b773fc6-7a55-42e2-9df1-5fa1ee1f708c,박규람,여성,38,1986-10-20,인천 일구 2길 41
fb89c463-0416-42f9-b1ce-e448c32fc551,윤연재,남성,54,1969-04-06,부산 오구 68길 44
d410659e-ffb7-436d-9f1e-6add2fc5125c,강서우,남성,54,1969-05-24,서울 오구 64길 82
ad1ec8f3-9e62-4958-8b34-4122c368a063,최경빈,여성,31,1992-08-10,서울 삼구 22길 78
f491b7e4-1467-48ab-820a-c6fd5ef94201,조다빈,남성,51,1972-02-09,서울 오구 21길 46
e377d276-13b2-4b8f-8731-ad516ecb94e3,박서율,남성,19,2004-06-04,대구 삼구 16길 72
23a2884c-c80e-4b31-affc-b34d18cc9f35,윤경원,여성,15,2008-07-07,인천 사구 64길 1
2d949e9a-c955-496c-be1d-3366627a49e7,박규람,여성,16,2007-05-18,광주 사구 45길 38
d0d12206-7c4b-43a8-b372-b3cd7304edad,조노을,여성,40,1984-10-03,대구 오구 100길 75
ce47ef2f-2cdb-46e2-aadb-3db426a77028,염바다,여성,54,1969-06-05,인천 이구 44길 50
7e5bc8d5-4483-448f-8f8a-31bbe982c0df,염리안,남성,35,1988-01-25,대구 일구 2길 46
39a753bf-d038-44b4-809e-c5d8c281f2b4,유가을,여성,50,1973-02-14,서울 삼구 86길 84
1c1e49c4-3b15-4053-9e38-fdff4180cb5c,홍상희,여성,61,1962-02-16,대구 이구 85길 74
eca89562-9b85-4019-a7ed-66ec78b4010b,조기연,여성,22,2001-07-25,서울 사구 18길 18
ad4ed53d-3a09-460e-968b-ef32514fb3b0,유민서,여성,56,1967-09-15,인천 사구 12길 9
6d4f44a7-6c6e-47ab-b0b7-92308485f583,조성희,남성,42,1982-10-09,서울 오구 36길 66
7d2c3108-4010-4a5c-830c-314a0ec88e84,조가을,남성,29,1994-09-01,부산 일구 51길 86
e82755db-e19f-4a90-984f-97df0ae76410,염수빈,남성,17,2006-01-17,인천 이구 27길 41
f49ff706-c65c-4380-9fcd-a1cb3d7cb986,윤경원,남성,57,1966-05-21,부산 이구 22길 71
9822862d-d319-4b0f-ab6b-da5ef1d170ca,이선진,여성,14,2009-04-27,광주 사구 21길 85
821946f3-fd5a-4358-ab44-914a14b3221f,이솔민,여성,27,1996-08-24,서울 삼구 18길 40
77479ccc-6aeb-4f58-998f-b0927c2ec29b,홍성주,여성,37,1986-02-22,대구 사구 41길 57
e8311994-ffaa-48dd-b412-817a756ba7de,유윌리엄,여성,52,1971-08-16,광주 일구 84길 9
3ad0bfe2-b0a1-422c-bb95-ef9817f79fcf,염세진,여성,31,1992-05-19,광주 일구 42길 17
8ff4859b-26b6-48d0-bd23-8e4ae1347755,윤민영,여성,58,1966-12-01,인천 일구 93길 29
cf96452e-d4ae-47f6-9910-8579895fc519,신경연,남성,37,1986-03-27,부산 삼구 23길 32
914efb49-d163-40a7-ae52-075ad8e9823a,조선진,남성,23,2001-10-28,대구 이구 18길 19
7950c244-d7fe-41b9-8d60-abb4a6df9c5c,서가온,남성,28,1995-07-08,대구 사구 30길 98
433f2a75-9b89-435c-8173-0f3e4939083d,강민영,여성,35,1988-05-22,인천 삼구 85길 70
8b4848a9-4708-4b7b-aa5f-c19fe6f7596a,신민주,남성,25,1998-08-28,인천 일구 48길 60
c18944ed-b6f6-447b-8fc1-2c0ac67145f8,신노아,남성,38,1986-12-12,서울 삼구 68길 82
44af7835-7d99-4178-b694-cb06d5b5e938,최강은,여성,27,1997-11-16,대구 삼구 55길 36
38290a77-4c6d-44ba-b05e-ed3983405915,최유진,여성,36,1987-04-04,부산 오구 60길 29
ba813df3-a936-4513-95bf-416c63ca0a16,강미셸,남성,62,1961-07-22,광주 사구 97길 21
9c6f5398-4526-46d4-9347-aff4d38264e7,윤규민,여성,41,1982-01-13,부산 일구 9길 24
8fed26db-bb94-45ee-b3bb-d6db2d8b60fb,유세영,남성,52,1971-04-11,대구 사구 34길 56
1af8fdc6-0e54-41d4-ad44-8187d2a3f4e4,윤성지,여성,47,1977-12-20,서울 이구 98길 71
80749cd1-6f8b-411f-ab3f-d6ad26928905,유성민,남성,55,1968-08-27,대구 오구 65길 91
f90ed77b-0b10-429c-b195-c87cb6bc5e2c,윤금선,남성,37,1986-02-09,대구 일구 69길 94
c7d091ec-5be2-443c-8bf3-0557f7a2b92f,이수민,남성,42,1981-01-17,인천 일구 10길 79
70e14aba-ec4b-4c27-b585-64cafa749c83,조서율,여성,52,1971-01-05,대구 오구 22길 92
9ecf7f40-01d2-4e9f-87f9-259ba2c7b7f8,최사이,남성,47,1976-05-16,서울 사구 69길 14
d34124dc-3b69-478c-91ef-b75762200833,박연수,여성,27,1997-11-16,광주 삼구 30길 64
c3af772a-7a8e-486a-b2a5-437d4138c842,김가우,여성,47,1976-03-17,부산 삼구 40길 91
85e2dd90-f819-463e-900d-2045235334f0,이기연,남성,39,1984-08-13,광주 사구 18길 21
b8a195bb-c2e7-4bd2-83fa-04e50296ec40,최다온,여성,46,1978-12-19,대구 오구 25길 1
d23e96a9-98dd-4c87-b5fd-ac03a18deeba,조다온,남성,31,1992-02-01,서울 이구 99길 13
acbc5efa-2d1b-43ce-9f4f-3ac8bf672032,강가람,여성,59,1964-09-25,대구 이구 75길 87
f8d72411-bd1a-47c8-880f-2b44becdc118,김보영,남성,38,1985-03-01,부산 오구 9길 7
9a5f8448-2f85-45cc-8d33-ae5f376c8564,서상은,여성,64,1960-11-24,인천 이구 51길 40
5a2a07b0-b80d-4a8e-9bf9-5011285423bb,장다원,남성,22,2002-11-14,인천 일구 32길 32
2ca521ad-c999-41ef-81a7-9f1f84e7b51e,이다운,여성,29,1994-04-25,부산 오구 24길 33
1a15fac7-59d0-4ae1-9b07-92f876aa17ed,염규인,여성,15,2008-07-15,서울 일구 27길 54
914273ef-c2ab-42b9-a73c-fd2e64178394,윤금선,남성,27,1996-02-10,부산 이구 78길 70
1c1a5d1c-6bae-4903-9abd-6595f74c1439,홍규연,여성,17,2007-11-08,부산 사구 78길 23
86f2a7c0-4f56-40f9-bb71-b326a17c66e7,조상은,남성,17,2006-02-23,부산 사구 46길 98
51017d6a-87ea-44b9-88b0-c51686a16b2f,홍두리,여성,31,1992-07-08,부산 사구 25길 55
e475b2ab-f542-44ee-aa53-0c12e238e9ce,서상은,여성,54,1970-12-25,인천 사구 17길 99
5f0529a3-543c-41ee-9660-2faea3a5eae5,이민서,남성,42,1981-04-06,부산 오구 21길 79
5ccf384d-e6fe-48f2-8683-4d329800dae9,장보현,남성,36,1987-04-23,인천 일구 44길 67
9457db63-6dbb-4dcb-b1ee-a2b63792b0a9,신성은,여성,59,1964-05-26,서울 사구 75길 30
9ee3e9c5-107f-4c09-8ad8-0424208bb2d3,이성희,여성,61,1962-01-23,인천 삼구 82길 68
5e643614-e6f7-4a61-a580-568b14407dbc,염다민,여성,14,2009-03-18,대구 이구 40길 63
d722d8d8-0b00-4023-bc31-858415fc0e6d,이도연,여성,29,1995-12-28,인천 일구 78길 50
bc0e088f-4b33-4080-ac20-f604e3fe3d12,최민주,남성,38,1985-05-02,대구 삼구 89길 89
5b6a56a9-ee70-4bf7-a89e-da662b11128b,조서빈,여성,44,1979-09-14,인천 이구 36길 51
4ba5116f-3dcb-4d66-8f56-a67dab3fdfea,서미오,여성,44,1979-02-08,부산 사구 97길 9
03102130-6870-4b5e-9b63-252391f009db,유기연,여성,39,1984-06-05,인천 사구 73길 85
c67c0af6-7591-4dd8-9275-79146767a60d,염상은,남성,59,1964-02-07,서울 오구 53길 32
6f882029-02d5-4ea5-b025-ae9e755570df,유다현,여성,58,1965-06-27,부산 이구 62길 51
5dca9f5c-4c40-49e4-8626-b21c5b3d2e53,신성은,남성,29,1994-02-17,광주 삼구 48길 53
e602b12a-3320-4b6b-b090-ab7273d1e0c2,조나오,여성,44,1979-07-11,대구 사구 97길 59
5033a92d-c5a9-435b-b2cd-aec74cc3aced,염금선,남성,52,1971-05-07,대구 사구 65길 13
ba77eccb-d744-4169-af8e-60272980fb2b,박규람,남성,45,1978-04-21,대구 삼구 31길 48
ec916efe-922f-4709-bee2-34b2981f28d0,홍경진,남성,46,1977-03-01,광주 이구 13길 98
1e876df9-4e6b-4f89-beb6-43fe1f12137b,염노아,남성,60,1963-07-04,부산 오구 65길 36
cb0718fb-4a35-42eb-b768-4159c42d478d,이민수,여성,32,1992-10-09,인천 사구 88길 30
51f8cca7-ed1e-4ba5-b94c-faf1d8415c84,강민영,여성,17,2006-07-27,인천 오구 50길 55
a3a334be-3bc5-449f-8f31-6a7dc0051924,김두리,여성,38,1985-04-10,대구 오구 69길 70
4a5be591-457a-42f9-84ac-93249cd15478,신세빈,남성,13,2010-04-21,광주 일구 84길 99
ae2acfe0-b93e-4161-a034-b3c1e38fa1a7,신사이,여성,44,1979-02-24,서울 이구 7길 100
adf6a78b-b56b-4bc0-a6aa-18659b68badb,박바다,여성,36,1987-02-28,대구 삼구 92길 92
1792095f-012c-4be1-8417-091ad2bfeb79,최석희,여성,30,1993-09-05,부산 일구 29길 79
15bd76bf-c680-4c4e-b308-5db391b51730,신다원,남성,55,1968-04-16,광주 일구 98길 88
2c0e2933-b151-454b-8460-1aeee533caaf,김세빈,남성,54,1969-05-06,서울 일구 40길 43
d6325bc5-ef33-4478-96f8-68ede67381b4,박도영,남성,14,2009-08-07,서울 이구 35길 98
501ed163-07eb-4eca-9b50-247b2b969981,강마음,여성,38,1986-11-17,광주 삼구 71길 14
007d591d-6c2a-4308-839f-a23e7e731786,홍미오,여성,39,1984-08-10,서울 사구 85길 35
c7934a96-45f4-4124-bede-5ee46e259d69,김금선,여성,39,1985-10-07,인천 이구 40길 61
be84580b-e94e-43a5-920a-1db392f8e22f,염다운,여성,29,1994-08-26,대구 오구 42길 82
814d485f-eccd-426a-b8fe-25bc705d8532,서다온,여성,27,1996-07-26,대구 오구 5길 27
698be537-ae3b-4992-aa90-088ec4bf2266,박미셸,남성,45,1978-08-12,서울 사구 22길 68
0866622e-d6c3-4d74-8b93-a682a30bfae9,신성은,남성,37,1987-12-22,광주 이구 57길 48
25d100cd-5f81-422d-87d4-23f05c5a27b3,최세빈,남성,45,1979-11-26,인천 오구 79길 80
37f73240-fdbb-47ee-aa47-c4f992eb0196,서성주,여성,33,1990-03-26,대구 일구 28길 67
0661bb59-bb93-4452-8de7-194f3c021744,염보영,여성,47,1976-02-24,인천 사구 82길 16
ccd87191-034f-47b3-8a26-44117736eff0,신서현,남성,32,1991-05-10,인천 일구 44길 62
24f13a16-bd81-458b-bf95-5d3d8244ebfe,장주연,여성,21,2002-07-20,서울 오구 71길 18
71a44214-8367-439d-a64b-a18aef5b7427,이다온,남성,57,1966-02-05,광주 사구 24길 13
1435b26d-4607-485b-926f-1f83196c87af,조바다,여성,55,1968-05-18,부산 삼구 59길 79
153868c6-1dae-43ec-a2c1-a56b9c84a61e,조겨레,남성,28,1995-03-25,서울 삼구 27길 7
f33507e6-bbf8-405b-99e3-6a48f3684750,조은재,여성,63,1960-08-20,대구 일구 60길 75
0291ed4c-b911-4f4e-9091-7307ce5b50d8,염세원,남성,28,1995-02-18,광주 사구 91길 44
540d805f-6608-4774-8944-18b421384e66,윤솔민,남성,32,1991-09-07,광주 사구 25길 17
689689ed-b6ec-4e5b-9b8a-ed72abc85973,이누리,여성,30,1993-03-16,인천 이구 50길 43
0166e8f9-8958-4f57-8071-e6703e4d04d9,박민수,여성,46,1978-10-12,인천 이구 37길 22
d7971a46-27b2-46f1-9812-f2ad9100ff32,홍선우,남성,56,1967-07-27,부산 오구 40길 35
23ec8001-5c27-4daf-a086-10f1392dc45f,유금선,남성,64,1960-10-11,부산 삼구 65길 38
cdce38bc-6993-4c52-9f72-2813ec0c1980,김규연,남성,24,1999-08-20,서울 일구 29길 91
9fc3e4b8-f31a-45c8-8365-39bc0bfc7c92,조세진,남성,16,2007-09-18,대구 삼구 84길 45
aaa977f3-e2fc-4b36-8484-3f95e5ced8ff,홍규은,여성,46,1977-06-11,대구 오구 5길 46
6d55490a-607f-4d13-8323-bd0ffb6c718f,조세빈,여성,27,1997-11-03,서울 일구 1길 15
b25eb4ab-854c-41ee-8543-932333f4be35,강기은,여성,14,2009-04-20,서울 삼구 92길 53
3fa2199b-0bb6-41c7-9380-07d50c9f04c3,조규진,남성,50,1973-08-03,부산 삼구 64길 8
d2c5ca54-4f93-493b-91ab-c0d3f5cdbc0f,장서진,여성,24,1999-01-27,서울 사구 68길 60
2cbd78d3-1aa3-459c-9537-8ce494f7ed3e,유도영,남성,19,2004-09-08,광주 오구 50길 28
37e6f07f-5fa1-485f-8247-ed6039832496,유근출,남성,29,1994-09-08,대구 일구 81길 71
32ea3998-838c-45e6-b93c-fa9ef6159b71,강성민,여성,31,1992-04-09,인천 오구 47길 47
d023cbfa-2e18-42e2-bd08-3342197ecb88,윤연재,여성,15,2008-01-19,서울 삼구 52길 42
f28978ac-44c1-4de6-9363-2d5a499ebeb3,조수빈,여성,25,1999-12-10,서울 사구 78길 62
f9ac3723-14f1-4c3d-9658-3ec4ef2d2803,이성화,남성,25,1999-11-02,대구 삼구 23길 73
ee5d662f-2abb-47a5-a6ef-f510e3d0f6b3,조기은,남성,55,1968-04-15,서울 이구 71길 12
076fc66f-197e-40f5-97eb-aa19f318a8e4,강규민,남성,60,1963-01-08,대구 삼구 93길 19
67b9117a-6b06-47cf-ba1a-c68d720b6be3,이마음,여성,30,1994-10-24,인천 일구 56길 5
2efc0c22-8086-44bc-a81f-1b535910140d,홍성은,남성,45,1978-03-18,부산 일구 80길 3
52aa7088-17ab-4669-989b-c8d2d4da9fa4,최주연,여성,53,1970-03-13,서울 삼구 47길 14
f0c5b609-36ab-4f1f-a31f-cfc0df9b99f0,최규민,남성,24,1999-08-12,인천 오구 95길 48
d1ff9d91-337a-4e20-b0a7-8483b477f189,조세원,여성,16,2007-01-14,부산 삼구 68길 3
67d559a5-b848-4096-9961-b8d481785802,홍미루,남성,22,2002-10-26,대구 이구 25길 67
768093ff-f540-403a-b6d0-06a965018c66,유시언,남성,30,1993-08-14,인천 사구 23길 61
322255fc-0dea-4a41-bd0b-fdb70810e706,홍기은,남성,53,1971-11-28,광주 사구 82길 50
7f58d0a7-932b-46a3-86c7-f5eb7c17f354,이금선,남성,51,1972-01-05,서울 일구 66길 84
ada6be14-aacf-40db-9e7c-39d84fbbd6ef,이경윤,여성,36,1987-05-03,부산 일구 15길 66
4da264ed-68f2-4dea-8dfa-1622958085e5,김민영,남성,15,2008-08-23,부산 삼구 58길 75
287aabe6-c768-4c49-b538-bce152da2b0c,윤미루,남성,59,1964-09-08,광주 이구 8길 3
06716478-7f1a-4241-8c7c-ac056095c61c,염선우,여성,35,1988-02-18,부산 일구 91길 45
4fc2f893-daf3-409d-9e5f-1e004d018e1b,박규영,남성,46,1977-04-25,부산 오구 63길 71
7d8138ce-58bc-4588-9aec-3f23e6ccab3e,이서빈,여성,16,2008-11-03,부산 이구 87길 68
bc22e069-309e-4ec0-86fd-caeed2872162,염마음,남성,34,1989-09-04,인천 이구 31길 27
3223f6f4-946e-4aca-b0c5-d66c108f2317,이다온,남성,43,1981-10-06,인천 사구 24길 86
fdcb9091-849f-485d-ab8a-e1e8ef074d07,염바다,여성,44,1979-05-21,대구 삼구 80길 2
fcde7030-4e61-4776-94f5-25a781459920,신에밀리,남성,42,1981-08-19,인천 오구 69길 82
d6289a4f-28bd-4506-a5b1-31a48d8f24a0,염경원,여성,21,2002-04-07,인천 사구 69길 8
668ea39d-c8c6-4f61-9c6a-551382455f0a,강시언,여성,53,1970-01-08,인천 사구 91길 28
e3b24cac-990e-47f9-b732-0836af8b17cd,박서진,남성,20,2003-06-06,부산 일구 18길 92
cf03ef6f-9bca-4eff-b98c-2d5d485ccbd9,홍미루,남성,44,1979-04-27,대구 사구 41길 74
ac0d7483-2a97-460e-99bc-c1eeab467879,서솔민,남성,16,2007-02-20,대구 삼구 23길 51
8cf68508-606e-41fe-bb48-94ad9fac5cb2,박두리,남성,16,2008-12-23,부산 일구 5길 51
8858268b-e7f3-4f70-9e1d-de3c69048525,강가람,남성,43,1980-03-04,광주 사구 73길 85
a4674fbf-4325-4edb-89aa-62f2c313012b,조규빈,여성,36,1987-05-09,인천 이구 78길 61
fc4b15ba-0c04-4de6-8f7b-0a725d4f3ade,김세윤,남성,30,1993-04-17,인천 사구 50길 33
a1b0ac8e-cd0d-4b18-93d9-8c8f038a2132,김겨울,여성,41,1983-10-12,인천 삼구 66길 15
a591ed31-cac3-4afd-9a3e-f4dc10248d91,이경원,여성,49,1975-10-28,인천 삼구 27길 28
cb50dc5b-2f68-4811-8ebf-976d0004eeb5,윤다민,여성,53,1970-08-08,서울 이구 21길 85
144ef1fa-d8fd-43cf-898c-46c042a9b966,박근출,여성,42,1981-05-10,광주 일구 69길 26
d325a966-8251-4950-aac6-d1785ec14f98,신규람,남성,49,1974-06-15,광주 삼구 11길 39
1feeef87-bd49-4d4b-b1a2-42fedfcb2989,유성연,남성,56,1967-02-05,대구 사구 81길 84
11572f41-7f77-4d73-abc7-ff6866e1d241,이성지,여성,43,1980-07-04,대구 일구 31길 66
ebfacae9-7920-48cc-8248-5f8c4b0fa2eb,윤세영,남성,18,2005-09-26,부산 삼구 80길 57
38aa1c8a-0fdf-4033-8f01-c0f7528db7c1,신규원,여성,37,1986-05-24,광주 이구 100길 78
b6e717b0-d6d0-4b50-8a0b-b73f2d65cc64,신민수,남성,44,1979-03-18,부산 일구 12길 4
3f8c3cdc-0bdf-4878-9959-bdd869a6ce1b,서미르,남성,56,1968-10-18,인천 사구 8길 51
14726152-f9e5-466e-acf2-c96e781961ae,신사이,여성,15,2009-12-18,부산 오구 23길 45
32f2620c-926a-413d-9d76-479666f17279,유성화,여성,19,2005-12-22,부산 사구 77길 93
0600292b-98ef-4a84-b2bc-1d43b52fbee5,강다운,여성,36,1987-09-10,대구 이구 65길 81
a14df870-afda-49d0-ab04-b8711d815146,김도연,여성,52,1971-08-14,부산 삼구 88길 20
f5798a5c-7526-4ded-a3bb-5d4f4dc50275,장보경,남성,47,1976-09-23,인천 삼구 92길 36
6116c533-e7a4-4243-88e4-cca61d69861f,윤가람,여성,46,1977-09-11,광주 일구 8길 77
0a35e3b4-b011-46c2-b40f-a778d958711e,장도연,여성,27,1996-06-15,부산 일구 10길 49
7aaf3152-b5bc-4c3e-bdfd-c3c7c68f69db,신경원,여성,15,2008-02-23,부산 이구 17길 24
1ca6a576-0a3c-4d06-a470-bb8e5bdfd72f,박민영,여성,19,2004-07-14,광주 이구 59길 15
58697c11-0ddb-49e7-94a6-c58a74ca22e7,박미루,여성,45,1978-08-03,대구 오구 45길 69
bcfb585a-67e0-4707-89ad-ac1712d40d1d,박성원,남성,35,1989-12-07,대구 사구 62길 99
6aca029c-84be-4c0d-8c66-7a25a7982b0d,강다원,여성,46,1977-02-21,인천 삼구 48길 20
a6048f1a-bd6d-458f-a594-feb747b757ec,장성희,여성,43,1980-05-23,대구 이구 27길 14
08bb52b9-1649-4467-b327-c7c6862ef428,최보현,남성,40,1983-06-08,부산 일구 62길 68
288444fa-db4b-47b2-8819-e645559344da,염솔민,남성,13,2010-07-15,광주 사구 10길 23
ea5ac6e1-3ac1-427c-b6da-9c809f1bdd0c,김가우,남성,46,1977-01-01,부산 일구 31길 84
d7475b0b-55b0-4527-a755-0d40ac3ba933,조근출,여성,55,1968-03-13,부산 삼구 24길 1
60994faf-42d0-406b-ab80-a39a1fdee7b3,최시언,남성,38,1986-10-28,대구 사구 29길 46
75b6eb64-4b6a-4e7d-bb19-eafd2bf81e36,강강은,여성,41,1982-06-16,대구 일구 83길 91
74b9ac10-2bca-460f-ab6a-a98e32898241,강라온,남성,34,1989-06-21,대구 이구 87길 18
692079cb-307e-428c-af37-ff34f01bcbea,염에밀리,여성,59,1965-11-25,인천 삼구 45길 17
f25917d3-bcb3-4db6-8893-ebff8528067a,김기영,남성,36,1988-12-16,인천 사구 53길 14
976fbe38-9dc0-490b-9b2d-46575771be4f,강규은,여성,54,1969-05-19,부산 일구 100길 15
d72bedc7-30c1-41ed-a26a-c3a8ce1ed591,신명진,여성,55,1968-06-20,서울 일구 15길 61
034a0b39-e552-4ee6-8f51-0c8a09a50ba5,강상은,남성,37,1986-02-03,대구 오구 89길 6
513d945e-9c0e-4c60-a732-6b5bc1285e43,유연재,남성,49,1974-05-09,서울 이구 59길 88
f0b00b24-7e6b-4998-bac2-020d6e9704b1,서연재,여성,36,1987-08-05,서울 일구 53길 94
0a6e852e-a6a7-48fa-a5cb-efe9fbfef9f5,이명진,남성,18,2005-09-28,대구 삼구 12길 66
fa6d363e-f1d2-40c6-bfef-048b0278b311,홍가을,남성,39,1985-10-24,부산 삼구 44길 88
797dbb58-6a20-4947-89b1-da74d11caa4b,신근출,남성,23,2000-08-27,서울 삼구 22길 90
010ce79c-f9b1-4ce1-8f81-423eecb9664b,이주연,남성,62,1961-05-21,부산 오구 55길 27
52fd55ae-17ab-41de-8ce6-5e1c8265c3fa,박재경,남성,42,1981-01-03,부산 이구 47길 3
b470f9e8-00e1-47ca-a989-b236083ac711,윤루다,여성,34,1989-09-12,부산 삼구 94길 20
38eae914-64fa-453b-95db-4a56226df8b4,유경연,남성,30,1993-04-05,광주 삼구 58길 93
644d4b61-5896-43dd-af1c-f774fba01f7a,조선진,여성,45,1978-09-12,광주 삼구 85길 50
48fc799f-a37d-4d63-9e84-9520437fd7db,최세진,남성,34,1989-09-06,대구 이구 75길 10
80e60b0a-21a9-4126-86f4-ec56daa302f2,박세원,남성,45,1978-07-20,인천 삼구 80길 51
35a01dd8-2d3f-4ba2-b7d1-833e49c3376b,서다원,여성,36,1987-03-25,부산 일구 79길 49
3010ba92-565b-4011-a5de-2971301bec6a,김서원,여성,18,2006-11-27,인천 일구 18길 9
7d0d33ea-9ebf-41d5-95b8-735deb1e7d10,윤도영,여성,48,1975-07-20,부산 삼구 91길 46
a8cf5f0b-2674-454d-a342-1a0acacdf9bd,최민수,여성,40,1983-06-06,인천 이구 62길 33
ad139004-bc2a-42a2-9bba-70459a31abbb,강민재,여성,43,1980-09-19,대구 오구 41길 25
104714b8-d59e-4cc1-a2ce-d327a57b8f9a,서다원,남성,31,1992-07-21,서울 이구 21길 90
1a5752ee-5c5a-4a4e-bbbc-b0970e820b1f,신석희,여성,23,2000-08-10,대구 이구 47길 22
6d3ef05f-245b-4051-87ec-1c91e8d3fe12,홍마음,남성,21,2003-10-23,부산 사구 59길 63
bcdc3531-dc8b-4a3d-9387-930835aa0cf5,조민재,남성,46,1978-11-03,광주 오구 62길 21
c712baaf-c17a-4be7-ab8d-020f91ccefc8,서성주,남성,53,1970-08-22,인천 오구 35길 6
156bd8a1-8e8f-47a8-8384-445b2fe3c403,김도연,남성,35,1988-01-11,인천 이구 98길 35
47e4c7a6-4672-4ec2-8ed3-033551e2fc8a,서서진,남성,53,1970-09-21,부산 오구 67길 93
6e58478f-1f3c-4eac-85b7-fde56238f20b,조시언,여성,61,1963-12-08,광주 사구 3길 92
93085e9b-8d60-4d7b-bf31-5d370f51df7b,최연수,남성,41,1982-03-19,인천 일구 46길 49
6cb668c4-add5-4a85-849b-95b0afd09354,이다온,여성,61,1962-08-28,인천 사구 31길 1
e9decd94-4cda-44aa-b1a3-073994d94d05,김보경,여성,40,1984-12-23,인천 사구 59길 88
358bea25-65b2-4521-902f-5681c810f65f,이다원,여성,41,1982-04-21,부산 오구 69길 48
6ef3059d-e26c-4541-8bfc-0c21fa7e2552,강솔민,남성,24,2000-11-19,서울 삼구 62길 76
bd8a9677-bc32-42e6-8f77-016d9260cb35,조은재,여성,40,1983-02-28,인천 오구 91길 39
ab1f61db-25fb-40ba-830b-b2c2643b58a7,조다원,여성,57,1966-02-12,대구 삼구 99길 79
590515a9-b2b8-4566-a33d-35cad24a3584,조에밀리,여성,43,1981-12-15,인천 사구 62길 13
38219fd1-67a5-4f9b-8c1a-1ce3b517cf03,윤근출,여성,18,2006-10-12,광주 삼구 79길 93
331acd50-55ee-4fca-b371-a64389844ba8,유경진,남성,15,2008-05-26,부산 일구 60길 4
34ec298d-38f2-4cc5-963e-d9a8de8615c4,염서우,여성,13,2010-04-27,인천 이구 81길 8
57fd6099-d33d-4a90-9ead-d8cd456dcb3c,유미오,남성,16,2008-12-14,광주 사구 67길 70
06efa66c-b05e-4a26-9f84-6ab37ab14b85,김성연,남성,51,1972-05-24,서울 사구 71길 11
2aeb2dd6-4ab1-4e03-ab08-9b61cb08046c,김올리비아,여성,44,1979-03-15,광주 삼구 67길 33
9fa3fb4a-3e4c-43a8-8cc5-d9691af73cf6,김도영,여성,16,2008-12-03,서울 삼구 26길 98
3cab5fd0-7303-465b-98b9-ff7f3dbadfd8,장경진,여성,56,1967-08-06,인천 일구 55길 81
44927a55-b845-40ab-9274-27ffdf9b5d89,장윌리엄,여성,25,1998-09-20,광주 일구 13길 4
71dbac85-ea5c-4852-9225-d93f951c1e22,염가람,여성,64,1960-12-01,광주 이구 63길 82
a652778a-99ba-4153-a89e-3848f8f03713,이라온,남성,49,1974-06-16,서울 사구 38길 74
895e4d18-9fe9-41a0-901f-df06d95a4257,홍성민,여성,34,1990-12-02,서울 오구 66길 73
f4cae94a-0950-4335-9937-c782ce015c6e,최연재,여성,29,1994-01-05,서울 오구 42길 83
a3458ec4-c600-4a66-b14b-9adb71a0b7da,박은재,여성,50,1973-05-23,대구 이구 9길 34
b382132b-b753-4941-81ea-1420c81beef0,염시언,여성,51,1972-06-21,서울 이구 86길 94